交易日期,契約,到期月份(週別),履約價,買賣權,開盤價,最高價,最低價,收盤價,成交量,結算價,未沖銷契約數,最後最佳買價,最後最佳賣價,歷史最高價,歷史最低價,是否因訊息面暫停交易,交易時段
2019/06/11,TXO,201906W2,9600.0000,買權,-,-,-,-,0,1000,1,-,-,-,-,,一般,
2019/06/11,TXO,201906W2,9600.0000,買權,-,-,-,-,0,-,-,-,-,-,-,,盤後,
2019/06/11,TXO,201906W2,9600.0000,賣權,0.1,0.1,0.1,0.1,38,0.1,1074,0.1,0.2,1.3,0.1,,一般,
2019/06/11,TXO,201906W2,9600.0000,賣權,0.2,0.2,0.1,0.1,30,-,-,0.1,0.3,1.3,0.1,,盤後,
2019/06/11,TXO,201906W2,9700.0000,買權,-,-,-,-,0,905,0,-,-,-,-,,一般,
2019/06/11,TXO,201906W2,9700.0000,買權,-,-,-,-,0,-,-,-,-,-,-,,盤後,
2019/06/11,TXO,201906W2,9700.0000,賣權,0.1,0.1,0.1,0.1,93,0.1,891,0.1,0.2,1.4,0.1,,一般,
2019/06/11,TXO,201906W2,9700.0000,賣權,-,-,-,-,0,-,-,-,-,-,-,,盤後,
2019/06/11,TXO,201906W2,9800.0000,買權,-,-,-,-,0,805,0,-,-,-,-,,一般,
2019/06/11,TXO,201906W2,9800.0000,買權,-,-,-,-,0,-,-,-,-,-,-,,盤後,
2019/06/11,TXO,201906W2,9800.0000,賣權,0.2,0.2,0.2,0.2,199,0.2,1967,0.1,9,2.1,0.2,,一般,
2019/06/11,TXO,201906W2,9800.0000,賣權,-,-,-,-,0,-,-,-,-,-,-,,盤後,
2019/06/11,TXO,201906W2,9900.0000,買權,-,-,-,-,0,705,0,-,-,-,-,,一般,
2019/06/11,TXO,201906W2,9900.0000,買權,-,-,-,-,0,-,-,-,-,-,-,,盤後,
2019/06/11,TXO,201906W2,9900.0000,賣權,0.2,0.3,0.1,0.2,431,0.2,4944,0.1,0.3,3.1,0.1,,一般,
2019/06/11,TXO,201906W2,9900.0000,賣權,0.4,0.4,0.4,0.4,3,-,-,0.1,0.4,3.1,0.2,,盤後,
2019/06/11,TXO,201906W2,10000.0000,買權,-,-,-,-,0,605,2,-,-,-,-,,一般,
2019/06/11,TXO,201906W2,10000.0000,買權,-,-,-,-,0,-,-,-,-,-,-,,盤後,
2019/06/11,TXO,201906W2,10000.0000,賣權,0.2,0.2,0.1,0.2,620,0.2,5223,0.1,0.3,5.5,0.1,,一般,
2019/06/11,TXO,201906W2,10000.0000,賣權,0.3,0.6,0.2,0.4,102,-,-,0.2,0.4,5.5,0.2,,盤後,
2019/06/11,TXO,201906W2,10100.0000,買權,493,493,493,493,1,505,3,447,555,493,275,,一般,
2019/06/11,TXO,201906W2,10100.0000,買權,-,-,-,-,0,-,-,-,-,-,-,,盤後,
2019/06/11,TXO,201906W2,10100.0000,賣權,0.3,0.3,0.1,0.2,442,0.2,6140,0.2,0.3,9,0.1,,一般,
2019/06/11,TXO,201906W2,10100.0000,賣權,0.4,0.6,0.4,0.5,81,-,-,0.3,0.5,9,0.4,,盤後,
2019/06/11,TXO,201906W2,10150.0000,買權,-,-,-,-,0,455,32,-,-,-,-,,一般,
2019/06/11,TXO,201906W2,10150.0000,買權,-,-,-,-,0,-,-,-,-,-,-,,盤後,
2019/06/11,TXO,201906W2,10150.0000,賣權,0.4,0.4,0.1,0.4,826,0.4,3965,0.3,0.4,13.5,0.1,,一般,
2019/06/11,TXO,201906W2,10150.0000,賣權,0.6,0.8,0.4,0.4,144,-,-,0.5,0.7,13.5,0.4,,盤後,
2019/06/11,TXO,201906W2,10200.0000,買權,399,409,392,409,4,405,325,399,457,409,175,,一般,
2019/06/11,TXO,201906W2,10200.0000,買權,378,381,378,381,5,-,-,362,995,381,175,,盤後,
2019/06/11,TXO,201906W2,10200.0000,賣權,0.5,0.5,0.1,0.4,2552,0.4,6544,0.3,0.5,19.5,0.1,,一般,
2019/06/11,TXO,201906W2,10200.0000,賣權,1,1.1,0.3,0.7,472,-,-,0.3,0.7,19.5,0.3,,盤後,
2019/06/11,TXO,201906W2,10250.0000,買權,313,332,311,332,3,355,974,333,407,337,135,,一般,
2019/06/11,TXO,201906W2,10250.0000,買權,300,337,300,318,92,-,-,310,995,337,135,,盤後,
2019/06/11,TXO,201906W2,10250.0000,賣權,0.6,0.7,0.2,0.5,2092,0.5,6565,0.2,0.7,28.5,0.2,,一般,
2019/06/11,TXO,201906W2,10250.0000,賣權,1.1,1.4,0.3,1.2,510,-,-,0.4,1,28.5,0.3,,盤後,
2019/06/11,TXO,201906W2,10300.0000,買權,261,323,261,301,43,305,1823,299,324,323,95,,一般,
2019/06/11,TXO,201906W2,10300.0000,買權,255,293,255,288,107,-,-,262,288,293,95,,盤後,
2019/06/11,TXO,201906W2,10300.0000,賣權,0.9,0.9,0.3,0.6,2869,0.6,9048,0.6,0.7,41,0.3,,一般,
2019/06/11,TXO,201906W2,10300.0000,賣權,1.7,1.8,0.7,0.7,1509,-,-,0.7,1.1,41,0.7,,盤後,
2019/06/11,TXO,201906W2,10350.0000,買權,207,275,203,253,655,255,3438,241,259,275,64,,一般,
2019/06/11,TXO,201906W2,10350.0000,買權,205,244,205,237,195,-,-,212,240,244,64,,盤後,
2019/06/11,TXO,201906W2,10350.0000,賣權,1.6,1.6,0.4,1,7873,1,12211,0.9,1,59,0.4,,一般,
2019/06/11,TXO,201906W2,10350.0000,賣權,2.8,2.8,1.3,2,3243,-,-,1.8,2,59,1.3,,盤後,
2019/06/11,TXO,201906W2,10400.0000,買權,170,227,154,198,2511,205,5289,198,205,227,39.5,,一般,
2019/06/11,TXO,201906W2,10400.0000,買權,157,196,154,167,1007,-,-,164,181,196,39.5,,盤後,
2019/06/11,TXO,201906W2,10400.0000,賣權,2.5,3,0.7,1.1,11074,1.1,15570,1.1,1.2,84,0.7,,一般,
2019/06/11,TXO,201906W2,10400.0000,賣權,5,5,2.5,3,3167,-,-,2.6,3,84,2.5,,盤後,
2019/06/11,TXO,201906W2,10450.0000,買權,126,177,107,153,5675,155,5447,150,154,177,22,,一般,
2019/06/11,TXO,201906W2,10450.0000,買權,115,148,109,128,2235,-,-,127,131,148,22,,盤後,
2019/06/11,TXO,201906W2,10450.0000,賣權,5.4,6.3,1.2,2,19445,2,14093,1.8,2,118,1.2,,一般,
2019/06/11,TXO,201906W2,10450.0000,賣權,8.8,9.8,3.9,6,5826,-,-,5.4,5.9,118,3.9,,盤後,
2019/06/11,TXO,201906W2,10500.0000,買權,75,129,65,106,21998,106,10348,104,106,129,10,,一般,
2019/06/11,TXO,201906W2,10500.0000,買權,75,102,70,83,7479,-,-,83,84,102,10,,盤後,
2019/06/11,TXO,201906W2,10500.0000,賣權,12,15,2.5,3.9,41554,3.9,20656,3.8,4,158,2.5,,一般,
2019/06/11,TXO,201906W2,10500.0000,賣權,18,20,8.3,11,10521,-,-,10.5,11,158,8.3,,盤後,
2019/06/11,TXO,201906W2,10550.0000,買權,42,83,31,60,49261,60,15547,59,60,83,4.7,,一般,
2019/06/11,TXO,201906W2,10550.0000,買權,41,63,37.5,45.5,14218,-,-,45,45.5,63,4.7,,盤後,
2019/06/11,TXO,201906W2,10550.0000,賣權,25,30.5,6,9.5,51773,9.5,17833,9,9.5,200,6,,一般,
2019/06/11,TXO,201906W2,10550.0000,賣權,34,38,18,23,13482,-,-,23,24,200,18,,盤後,
2019/06/11,TXO,201906W2,10600.0000,買權,16,42,11,24,58493,24,23340,23.5,24,42,2.4,,一般,
2019/06/11,TXO,201906W2,10600.0000,買權,18.5,30.5,16.5,21.5,15062,-,-,21,21.5,38,2.4,,盤後,
2019/06/11,TXO,201906W2,10600.0000,賣權,51,60,15.5,24,58872,24,17565,23.5,24,249,15.5,,一般,
2019/06/11,TXO,201906W2,10600.0000,賣權,60,67,37.5,52,9541,-,-,50,52,249,37.5,,盤後,
2019/06/11,TXO,201906W2,10650.0000,買權,7,15.5,1.2,5.3,45326,5.3,24038,5.2,5.3,22.5,1.2,,一般,
2019/06/11,TXO,201906W2,10650.0000,買權,7.6,13.5,6,8.1,7647,-,-,8.1,8.5,22.5,1.5,,盤後,
2019/06/11,TXO,201906W2,10650.0000,賣權,88,103,38.5,56,28374,55,6225,55,56,289,38.5,,一般,
2019/06/11,TXO,201906W2,10650.0000,賣權,96,107,70,87,2870,-,-,86,87,289,70,,盤後,
2019/06/11,TXO,201906W2,10700.0000,買權,2.1,4.5,0.8,1.1,15169,1.1,17211,1,1.3,13,0.5,,一般,
2019/06/11,TXO,201906W2,10700.0000,買權,3.1,6.1,2.1,3.4,3687,-,-,3.4,4,13,0.5,,盤後,
2019/06/11,TXO,201906W2,10700.0000,賣權,131,150,77,100,8672,100,1524,100,101,318,77,,一般,
2019/06/11,TXO,201906W2,10700.0000,賣權,148,152,113,132,375,-,-,130,133,318,113,,盤後,
2019/06/11,TXO,201906W2,10750.0000,買權,0.4,1.5,0.2,0.2,3558,0.2,5063,0.1,0.4,2.8,0.2,,一般,
2019/06/11,TXO,201906W2,10750.0000,買權,0.8,2.8,0.7,2.2,1164,-,-,1,2.2,2.8,0.5,,盤後,
2019/06/11,TXO,201906W2,10750.0000,賣權,185,199,125,151,1461,147,176,147,151,282,125,,一般,
2019/06/11,TXO,201906W2,10750.0000,賣權,178,180,160,167,29,-,-,144,195,282,160,,盤後,
2019/06/11,TXO,201906W2,10800.0000,買權,0.3,0.8,0.1,0.2,2755,0.2,4340,0.2,0.5,4.3,0.1,,一般,
2019/06/11,TXO,201906W2,10800.0000,買權,0.6,0.9,0.1,0.9,537,-,-,0.5,0.9,4.3,0.1,,盤後,
2019/06/11,TXO,201906W2,10800.0000,賣權,240,240,176,197,237,197,180,196,203,405,176,,一般,
2019/06/11,TXO,201906W2,10800.0000,賣權,244,244,211,211,6,-,-,131,231,405,211,,盤後,
2019/06/11,TXO,201906W2,10850.0000,買權,0.3,0.4,0.2,0.2,440,0.2,439,0.1,0.4,0.4,0.2,,一般,
2019/06/11,TXO,201906W2,10850.0000,賣權,-,-,-,-,0,245,0,-,-,-,-,,一般,
2019/06/11,TXO,201906W2,10900.0000,買權,0.3,0.4,0.1,0.1,497,0.1,5988,0.1,0.3,2.2,0.1,,一般,
2019/06/11,TXO,201906W2,10900.0000,買權,0.2,0.3,0.1,0.3,25,-,-,0.1,0.3,2.2,0.1,,盤後,
2019/06/11,TXO,201906W2,10900.0000,賣權,-,-,-,-,0,295,2,-,-,-,-,,一般,
2019/06/11,TXO,201906W2,10900.0000,賣權,-,-,-,-,0,-,-,-,-,-,-,,盤後,
2019/06/11,TXO,201906W2,11000.0000,買權,0.2,0.2,0.1,0.1,201,0.1,3085,0.1,0.2,1.5,0.1,,一般,
2019/06/11,TXO,201906W2,11000.0000,買權,0.1,0.1,0.1,0.1,20,-,-,-,0.3,1.5,0.1,,盤後,
2019/06/11,TXO,201906W2,11000.0000,賣權,-,-,-,-,0,395,0,-,-,-,-,,一般,
2019/06/11,TXO,201906W2,11000.0000,賣權,-,-,-,-,0,-,-,-,-,-,-,,盤後,
2019/06/11,TXO,201906W2,11100.0000,買權,-,-,-,-,0,0.1,1703,-,-,-,-,,一般,
2019/06/11,TXO,201906W2,11100.0000,買權,-,-,-,-,0,-,-,-,-,-,-,,盤後,
2019/06/11,TXO,201906W2,11100.0000,賣權,-,-,-,-,0,495,0,-,-,-,-,,一般,
2019/06/11,TXO,201906W2,11100.0000,賣權,-,-,-,-,0,-,-,-,-,-,-,,盤後,
2019/06/11,TXO,201906W2,11200.0000,買權,0.1,0.1,0.1,0.1,2,0.1,1599,-,0.3,0.8,0.1,,一般,
2019/06/11,TXO,201906W2,11200.0000,買權,-,-,-,-,0,-,-,-,-,-,-,,盤後,
2019/06/11,TXO,201906W2,11200.0000,賣權,-,-,-,-,0,595,0,-,-,-,-,,一般,
2019/06/11,TXO,201906W2,11200.0000,賣權,-,-,-,-,0,-,-,-,-,-,-,,盤後,
2019/06/11,TXO,201906W2,11300.0000,買權,0.1,0.1,0.1,0.1,25,0.1,25,-,0.3,0.1,0.1,,一般,
2019/06/11,TXO,201906W2,11300.0000,賣權,-,-,-,-,0,695,0,-,-,-,-,,一般,
2019/06/11,TXO,201906W2,11400.0000,買權,-,-,-,-,0,0.1,0,-,-,-,-,,一般,
2019/06/11,TXO,201906W2,11400.0000,賣權,-,-,-,-,0,795,0,-,-,-,-,,一般,
2019/06/11,TXO,201906  ,7400.0000,買權,-,-,-,-,0,3190,3,-,-,-,-,,一般,
2019/06/11,TXO,201906  ,7400.0000,買權,-,-,-,-,0,-,-,-,-,-,-,,盤後,
2019/06/11,TXO,201906  ,7400.0000,賣權,-,-,-,-,0,0.1,7084,-,-,-,-,,一般,
2019/06/11,TXO,201906  ,7400.0000,賣權,-,-,-,-,0,-,-,-,-,-,-,,盤後,
2019/06/11,TXO,201906  ,7600.0000,買權,-,-,-,-,0,2990,8,-,-,-,-,,一般,
2019/06/11,TXO,201906  ,7600.0000,買權,-,-,-,-,0,-,-,-,-,-,-,,盤後,
2019/06/11,TXO,201906  ,7600.0000,賣權,-,-,-,-,0,0.1,3712,-,-,-,-,,一般,
2019/06/11,TXO,201906  ,7600.0000,賣權,-,-,-,-,0,-,-,-,-,-,-,,盤後,
2019/06/11,TXO,201906  ,7800.0000,買權,-,-,-,-,0,2790,24,-,-,-,-,,一般,
2019/06/11,TXO,201906  ,7800.0000,買權,-,-,-,-,0,-,-,-,-,-,-,,盤後,
2019/06/11,TXO,201906  ,7800.0000,賣權,-,-,-,-,0,0.1,2966,-,-,-,-,,一般,
2019/06/11,TXO,201906  ,7800.0000,賣權,-,-,-,-,0,-,-,-,-,-,-,,盤後,
2019/06/11,TXO,201906  ,8000.0000,買權,-,-,-,-,0,2590,17,-,-,-,-,,一般,
2019/06/11,TXO,201906  ,8000.0000,買權,-,-,-,-,0,-,-,-,-,-,-,,盤後,
2019/06/11,TXO,201906  ,8000.0000,賣權,-,-,-,-,0,0.1,4114,-,-,-,-,,一般,
2019/06/11,TXO,201906  ,8000.0000,賣權,-,-,-,-,0,-,-,-,-,-,-,,盤後,
2019/06/11,TXO,201906  ,8200.0000,買權,-,-,-,-,0,2390,18,-,-,-,-,,一般,
2019/06/11,TXO,201906  ,8200.0000,買權,-,-,-,-,0,-,-,-,-,-,-,,盤後,
2019/06/11,TXO,201906  ,8200.0000,賣權,-,-,-,-,0,0.2,3064,-,-,-,-,,一般,
2019/06/11,TXO,201906  ,8200.0000,賣權,-,-,-,-,0,-,-,-,-,-,-,,盤後,
2019/06/11,TXO,201906  ,8400.0000,買權,-,-,-,-,0,2190,19,-,-,-,-,,一般,
2019/06/11,TXO,201906  ,8400.0000,買權,-,-,-,-,0,-,-,-,-,-,-,,盤後,
2019/06/11,TXO,201906  ,8400.0000,賣權,-,-,-,-,0,0.3,2904,-,-,-,-,,一般,
2019/06/11,TXO,201906  ,8400.0000,賣權,0.2,0.4,0.2,0.4,138,-,-,-,6.9,299,0.2,,盤後,
2019/06/11,TXO,201906  ,8600.0000,買權,-,-,-,-,0,1990,93,-,-,-,-,,一般,
2019/06/11,TXO,201906  ,8600.0000,買權,-,-,-,-,0,-,-,-,-,-,-,,盤後,
2019/06/11,TXO,201906  ,8600.0000,賣權,0.4,0.5,0.4,0.5,290,0.5,4083,0.3,1,381,0.2,,一般,
2019/06/11,TXO,201906  ,8600.0000,賣權,0.2,0.2,0.2,0.2,1,-,-,-,6,381,0.2,,盤後,
2019/06/11,TXO,201906  ,8700.0000,買權,-,-,-,-,0,1890,0,-,-,-,-,,一般,
2019/06/11,TXO,201906  ,8700.0000,買權,-,-,-,-,0,-,-,-,-,-,-,,盤後,
2019/06/11,TXO,201906  ,8700.0000,賣權,0.5,0.5,0.5,0.5,3,0.5,552,0.3,1,4.3,0.5,,一般,
2019/06/11,TXO,201906  ,8700.0000,賣權,-,-,-,-,0,-,-,-,-,-,-,,盤後,
2019/06/11,TXO,201906  ,8800.0000,買權,-,-,-,-,0,1790,58,-,-,-,-,,一般,
2019/06/11,TXO,201906  ,8800.0000,買權,-,-,-,-,0,-,-,-,-,-,-,,盤後,
2019/06/11,TXO,201906  ,8800.0000,賣權,0.5,0.5,0.5,0.5,1,0.5,5141,-,1,361,0.4,,一般,
2019/06/11,TXO,201906  ,8800.0000,賣權,-,-,-,-,0,-,-,-,-,-,-,,盤後,
2019/06/11,TXO,201906  ,8900.0000,買權,-,-,-,-,0,1690,0,-,-,-,-,,一般,
2019/06/11,TXO,201906  ,8900.0000,買權,-,-,-,-,0,-,-,-,-,-,-,,盤後,
2019/06/11,TXO,201906  ,8900.0000,賣權,0.7,0.7,0.7,0.7,13,0.7,1825,-,1,23,0.5,,一般,
2019/06/11,TXO,201906  ,8900.0000,賣權,-,-,-,-,0,-,-,-,-,-,-,,盤後,
2019/06/11,TXO,201906  ,9000.0000,買權,-,-,-,-,0,1590,48,-,-,-,-,,一般,
2019/06/11,TXO,201906  ,9000.0000,買權,-,-,-,-,0,-,-,-,-,-,-,,盤後,
2019/06/11,TXO,201906  ,9000.0000,賣權,0.6,0.6,0.6,0.6,1,0.8,8073,0.2,0.8,431,0.6,,一般,
2019/06/11,TXO,201906  ,9000.0000,賣權,0.8,0.8,0.8,0.8,3,-,-,-,5,431,0.8,,盤後,
2019/06/11,TXO,201906  ,9100.0000,買權,-,-,-,-,0,1490,22,-,-,-,-,,一般,
2019/06/11,TXO,201906  ,9100.0000,買權,-,-,-,-,0,-,-,-,-,-,-,,盤後,
2019/06/11,TXO,201906  ,9100.0000,賣權,-,-,-,-,0,0.8,1628,-,-,-,-,,一般,
2019/06/11,TXO,201906  ,9100.0000,賣權,0.8,0.8,0.8,0.8,1,-,-,0.4,5,29,0.6,,盤後,
2019/06/11,TXO,201906  ,9200.0000,買權,-,-,-,-,0,1390,287,-,-,-,-,,一般,
2019/06/11,TXO,201906  ,9200.0000,買權,-,-,-,-,0,-,-,-,-,-,-,,盤後,
2019/06/11,TXO,201906  ,9200.0000,賣權,0.8,0.9,0.8,0.9,133,0.9,5780,0.4,25.5,470,0.8,,一般,
2019/06/11,TXO,201906  ,9200.0000,賣權,-,-,-,-,0,-,-,-,-,-,-,,盤後,
2019/06/11,TXO,201906  ,9300.0000,買權,-,-,-,-,0,1290,17,-,-,-,-,,一般,
2019/06/11,TXO,201906  ,9300.0000,買權,-,-,-,-,0,-,-,-,-,-,-,,盤後,
2019/06/11,TXO,201906  ,9300.0000,賣權,0.9,1,0.8,0.9,320,0.9,4919,0.8,1.5,33,0.1,,一般,
2019/06/11,TXO,201906  ,9300.0000,賣權,1.1,1.1,1.1,1.1,1,-,-,1.1,1.6,33,0.1,,盤後,
2019/06/11,TXO,201906  ,9400.0000,買權,-,-,-,-,0,1190,88,-,-,-,-,,一般,
2019/06/11,TXO,201906  ,9400.0000,買權,-,-,-,-,0,-,-,-,-,-,-,,盤後,
2019/06/11,TXO,201906  ,9400.0000,賣權,1.1,1.2,0.8,1.2,148,1.2,7399,0.9,1.2,580,0.8,,一般,
2019/06/11,TXO,201906  ,9400.0000,賣權,1.3,1.5,1.3,1.5,10,-,-,1.4,4.8,580,1.2,,盤後,
2019/06/11,TXO,201906  ,9500.0000,買權,-,-,-,-,0,1090,60,-,-,-,-,,一般,
2019/06/11,TXO,201906  ,9500.0000,買權,-,-,-,-,0,-,-,-,-,-,-,,盤後,
2019/06/11,TXO,201906  ,9500.0000,賣權,1,1.2,1,1.2,238,1.2,3461,1.1,1.2,48,1,,一般,
2019/06/11,TXO,201906  ,9500.0000,賣權,1.5,2,1.2,2,10,-,-,1.3,4,48,1.2,,盤後,
2019/06/11,TXO,201906  ,9600.0000,買權,-,-,-,-,0,990,213,-,-,-,-,,一般,
2019/06/11,TXO,201906  ,9600.0000,買權,-,-,-,-,0,-,-,-,-,-,-,,盤後,
2019/06/11,TXO,201906  ,9600.0000,賣權,1.5,1.5,1.3,1.4,624,1.4,6362,1.3,1.4,680,1.3,,一般,
2019/06/11,TXO,201906  ,9600.0000,賣權,2,2,1.7,2,19,-,-,1.7,2,680,1.7,,盤後,
2019/06/11,TXO,201906  ,9700.0000,買權,900,900,900,900,1,890,79,835,895,900,585,,一般,
2019/06/11,TXO,201906  ,9700.0000,買權,845,845,845,845,1,-,-,835,-,890,585,,盤後,
2019/06/11,TXO,201906  ,9700.0000,賣權,2,2,1.5,1.8,602,1.8,7731,1.8,1.9,76,1.5,,一般,
2019/06/11,TXO,201906  ,9700.0000,賣權,2.1,2.5,1.8,1.8,94,-,-,1.7,2.4,76,1.8,,盤後,
2019/06/11,TXO,201906  ,9800.0000,買權,-,-,-,-,0,790,349,-,-,-,-,,一般,
2019/06/11,TXO,201906  ,9800.0000,買權,-,-,-,-,0,-,-,-,-,-,-,,盤後,
2019/06/11,TXO,201906  ,9800.0000,賣權,2.5,2.5,1.9,2.2,3290,2.2,16592,2.2,2.3,790,1.9,,一般,
2019/06/11,TXO,201906  ,9800.0000,賣權,3,3,2,2.1,409,-,-,2.1,2.4,790,2,,盤後,
2019/06/11,TXO,201906  ,9900.0000,買權,700,700,700,700,1,700,223,640,695,1090,389,,一般,
2019/06/11,TXO,201906  ,9900.0000,買權,-,-,-,-,0,-,-,-,-,-,-,,盤後,
2019/06/11,TXO,201906  ,9900.0000,賣權,3.3,3.3,2.4,2.6,4234,2.6,12148,2.6,2.7,108,2.4,,一般,
2019/06/11,TXO,201906  ,9900.0000,賣權,3.8,3.9,2.8,3.1,461,-,-,2.8,3.4,108,2.8,,盤後,
2019/06/11,TXO,201906  ,10000.0000,買權,550,605,540,600,28,600,952,575,600,1140,160,,一般,
2019/06/11,TXO,201906  ,10000.0000,買權,555,585,545,585,21,-,-,228,-,1140,160,,盤後,
2019/06/11,TXO,201906  ,10000.0000,賣權,4.3,4.6,3.1,3.5,4833,3.5,15539,3.5,3.6,925,3.1,,一般,
2019/06/11,TXO,201906  ,10000.0000,賣權,5.2,5.3,3.7,4.9,971,-,-,4.1,4.9,925,3.7,,盤後,
2019/06/11,TXO,201906  ,10100.0000,買權,448,520,448,499,31,500,1269,495,497,815,228,,一般,
2019/06/11,TXO,201906  ,10100.0000,買權,461,481,454,481,19,-,-,401,500,815,228,,盤後,
2019/06/11,TXO,201906  ,10100.0000,賣權,6.6,6.9,4.1,4.5,6078,4.5,13953,4.5,4.8,153,4.1,,一般,
2019/06/11,TXO,201906  ,10100.0000,賣權,7.5,8,6,7.9,1170,-,-,8.3,8.9,153,6,,盤後,
2019/06/11,TXO,201906  ,10200.0000,買權,360,422,346,399,362,400,1567,395,400,930,118,,一般,
2019/06/11,TXO,201906  ,10200.0000,買權,355,392,352,367,188,-,-,358,395,930,118,,盤後,
2019/06/11,TXO,201906  ,10200.0000,賣權,11,11,6.3,7.1,11197,7.1,20048,7.1,7.5,980,6.3,,一般,
2019/06/11,TXO,201906  ,10200.0000,賣權,12.5,13,9,11,1653,-,-,10.5,11,980,9,,盤後,
2019/06/11,TXO,201906  ,10300.0000,買權,264,327,255,304,773,304,2686,300,305,670,104,,一般,
2019/06/11,TXO,201906  ,10300.0000,買權,266,300,261,281,269,-,-,273,292,670,104,,盤後,
2019/06/11,TXO,201906  ,10300.0000,賣權,19,19.5,10.5,12,14717,12,21848,11,12,210,10.5,,一般,
2019/06/11,TXO,201906  ,10300.0000,賣權,20.5,22.5,15,19,2446,-,-,18,19,210,15,,盤後,
2019/06/11,TXO,201906  ,10400.0000,買權,183,236,172,213,1801,213,7999,210,212,770,69,,一般,
2019/06/11,TXO,201906  ,10400.0000,買權,185,212,178,192,580,-,-,190,192,770,69,,盤後,
2019/06/11,TXO,201906  ,10400.0000,賣權,33,36.5,19.5,21.5,14011,21.5,15656,21.5,22,1130,19.5,,一般,
2019/06/11,TXO,201906  ,10400.0000,賣權,37,39,27,34,2963,-,-,33,34.5,1130,22,,盤後,
2019/06/11,TXO,201906  ,10500.0000,買權,108,154,101,133,8243,133,14211,130,133,660,39.5,,一般,
2019/06/11,TXO,201906  ,10500.0000,買權,111,134,107,122,1715,-,-,115,122,660,39.5,,盤後,
2019/06/11,TXO,201906  ,10500.0000,賣權,56,66,36.5,42,15537,42,20921,41,42,322,34.5,,一般,
2019/06/11,TXO,201906  ,10500.0000,賣權,61,68,49,60,3163,-,-,59,62,322,34.5,,盤後,
2019/06/11,TXO,201906  ,10600.0000,買權,60,87,51,68,16988,68,19871,68,69,645,19,,一般,
2019/06/11,TXO,201906  ,10600.0000,買權,57,74,55,64,5845,-,-,64,66,645,19,,盤後,
2019/06/11,TXO,201906  ,10600.0000,賣權,105,116,69,78,8629,78,8197,78,79,1320,44,,一般,
2019/06/11,TXO,201906  ,10600.0000,賣權,110,118,88,108,1504,-,-,99,109,1320,44,,盤後,
2019/06/11,TXO,201906  ,10700.0000,買權,27,40.5,22,30,21761,30,26022,29.5,30,467,9,,一般,
2019/06/11,TXO,201906  ,10700.0000,買權,27,33.5,24.5,29,3594,-,-,29,29.5,467,9,,盤後,
2019/06/11,TXO,201906  ,10700.0000,賣權,169,187,124,140,2653,140,5294,137,140,482,56,,一般,
2019/06/11,TXO,201906  ,10700.0000,賣權,182,186,150,174,265,-,-,159,175,482,56,,盤後,
2019/06/11,TXO,201906  ,10800.0000,買權,11,16.5,8.6,11,11772,11,23925,10.5,11,535,4.7,,一般,
2019/06/11,TXO,201906  ,10800.0000,買權,11,15,10,12.5,2642,-,-,12.5,13,535,4.7,,盤後,
2019/06/11,TXO,201906  ,10800.0000,賣權,265,272,200,221,737,221,5549,218,222,1580,70,,一般,
2019/06/11,TXO,201906  ,10800.0000,賣權,267,269,230,243,72,-,-,230,1300,1580,70,,盤後,
2019/06/11,TXO,201906  ,10900.0000,買權,5,6.6,3.9,4.1,5650,4.1,16610,4,4.1,315,2.8,,一般,
2019/06/11,TXO,201906  ,10900.0000,買權,4.7,7,4.4,7,500,-,-,6,7.1,315,2.8,,盤後,
2019/06/11,TXO,201906  ,10900.0000,賣權,360,369,290,312,152,312,10668,311,316,675,93,,一般,
2019/06/11,TXO,201906  ,10900.0000,賣權,351,362,328,328,38,-,-,328,353,675,93,,盤後,
2019/06/11,TXO,201906  ,11000.0000,買權,2.2,3,1.9,1.9,3549,1.9,14096,1.8,2,430,1.8,,一般,
2019/06/11,TXO,201906  ,11000.0000,買權,2.5,3.2,2,3.2,216,-,-,2.4,3.2,430,1.8,,盤後,
2019/06/11,TXO,201906  ,11000.0000,賣權,438,438,387,414,36,410,1216,409,414,1440,123,,一般,
2019/06/11,TXO,201906  ,11000.0000,賣權,452,459,433,433,6,-,-,382,-,1440,123,,盤後,
2019/06/11,TXO,201906  ,11100.0000,買權,1.7,1.7,1.1,1.1,387,1.1,12396,1,1.2,193,1.1,,一般,
2019/06/11,TXO,201906  ,11100.0000,買權,1.4,1.8,1.4,1.7,51,-,-,1,1.6,193,1.1,,盤後,
2019/06/11,TXO,201906  ,11100.0000,賣權,484,500,484,500,6,510,761,454,515,820,160,,一般,
2019/06/11,TXO,201906  ,11100.0000,賣權,540,540,540,540,3,-,-,236,-,820,160,,盤後,
2019/06/11,TXO,201906  ,11200.0000,買權,1,1,0.8,0.8,105,0.8,10140,0.8,0.9,333,0.7,,一般,
2019/06/11,TXO,201906  ,11200.0000,買權,0.9,1.1,0.9,0.9,18,-,-,0.9,1.3,333,0.7,,盤後,
2019/06/11,TXO,201906  ,11200.0000,賣權,600,600,600,600,1,610,329,555,615,1740,209,,一般,
2019/06/11,TXO,201906  ,11200.0000,賣權,660,660,660,660,1,-,-,332,-,1740,209,,盤後,
2019/06/11,TXO,201906  ,11300.0000,買權,0.7,0.7,0.7,0.7,45,0.7,7281,0.6,0.7,96,0.6,,一般,
2019/06/11,TXO,201906  ,11300.0000,買權,-,-,-,-,0,-,-,-,-,-,-,,盤後,
2019/06/11,TXO,201906  ,11300.0000,賣權,695,700,695,700,3,710,1302,655,715,1000,266,,一般,
2019/06/11,TXO,201906  ,11300.0000,賣權,760,760,755,755,2,-,-,58,785,1000,266,,盤後,
2019/06/11,TXO,201906  ,11400.0000,買權,-,-,-,-,0,0.6,12525,-,-,-,-,,一般,
2019/06/11,TXO,201906  ,11400.0000,買權,-,-,-,-,0,-,-,-,-,-,-,,盤後,
2019/06/11,TXO,201906  ,11400.0000,賣權,-,-,-,-,0,810,1138,-,-,-,-,,一般,
2019/06/11,TXO,201906  ,11400.0000,賣權,-,-,-,-,0,-,-,-,-,-,-,,盤後,
2019/06/11,TXO,201906  ,11500.0000,買權,-,-,-,-,0,0.5,10853,-,-,-,-,,一般,
2019/06/11,TXO,201906  ,11500.0000,買權,1.5,1.5,1.5,1.5,1,-,-,0.5,1.4,45,0.4,,盤後,
2019/06/11,TXO,201906  ,11500.0000,賣權,-,-,-,-,0,910,1498,-,-,-,-,,一般,
2019/06/11,TXO,201906  ,11500.0000,賣權,-,-,-,-,0,-,-,-,-,-,-,,盤後,
2019/06/11,TXO,201906  ,11600.0000,買權,0.6,0.6,0.5,0.5,43,0.5,5558,0.4,0.6,190,0.3,,一般,
2019/06/11,TXO,201906  ,11600.0000,買權,1.1,1.1,1.1,1.1,1,-,-,0.5,1.1,190,0.3,,盤後,
2019/06/11,TXO,201906  ,11600.0000,賣權,-,-,-,-,0,1010,48,-,-,-,-,,一般,
2019/06/11,TXO,201906  ,11600.0000,賣權,-,-,-,-,0,-,-,-,-,-,-,,盤後,
2019/06/11,TXO,201906  ,11700.0000,買權,0.5,0.5,0.5,0.5,156,0.5,3344,0.3,106,19.5,0.2,,一般,
2019/06/11,TXO,201906  ,11700.0000,買權,-,-,-,-,0,-,-,-,-,-,-,,盤後,
2019/06/11,TXO,201906  ,11700.0000,賣權,-,-,-,-,0,1110,2,-,-,-,-,,一般,
2019/06/11,TXO,201906  ,11700.0000,賣權,-,-,-,-,0,-,-,-,-,-,-,,盤後,
2019/06/11,TXO,201906  ,11800.0000,買權,0.4,0.4,0.3,0.3,31,0.3,2780,-,3,141,0.1,,一般,
2019/06/11,TXO,201906  ,11800.0000,買權,-,-,-,-,0,-,-,-,-,-,-,,盤後,
2019/06/11,TXO,201906  ,11800.0000,賣權,-,-,-,-,0,1210,42,-,-,-,-,,一般,
2019/06/11,TXO,201906  ,11800.0000,賣權,-,-,-,-,0,-,-,-,-,-,-,,盤後,
2019/06/11,TXO,201906  ,11900.0000,買權,-,-,-,-,0,0.1,2737,-,-,-,-,,一般,
2019/06/11,TXO,201906  ,11900.0000,買權,-,-,-,-,0,-,-,-,-,-,-,,盤後,
2019/06/11,TXO,201906  ,11900.0000,賣權,-,-,-,-,0,1310,1,-,-,-,-,,一般,
2019/06/11,TXO,201906  ,11900.0000,賣權,-,-,-,-,0,-,-,-,-,-,-,,盤後,
2019/06/11,TXO,201906  ,12000.0000,買權,-,-,-,-,0,0.1,2478,-,-,-,-,,一般,
2019/06/11,TXO,201906  ,12000.0000,買權,-,-,-,-,0,-,-,-,-,-,-,,盤後,
2019/06/11,TXO,201906  ,12000.0000,賣權,-,-,-,-,0,1410,2,-,-,-,-,,一般,
2019/06/11,TXO,201906  ,12000.0000,賣權,-,-,-,-,0,-,-,-,-,-,-,,盤後,
2019/06/11,TXO,201906  ,12100.0000,買權,0.4,0.4,0.4,0.4,2,0.1,1086,-,102,5,0.2,,一般,
2019/06/11,TXO,201906  ,12100.0000,買權,-,-,-,-,0,-,-,-,-,-,-,,盤後,
2019/06/11,TXO,201906  ,12100.0000,賣權,-,-,-,-,0,1510,0,-,-,-,-,,一般,
2019/06/11,TXO,201906  ,12100.0000,賣權,-,-,-,-,0,-,-,-,-,-,-,,盤後,
2019/06/11,TXO,201906  ,12200.0000,買權,-,-,-,-,0,0.1,1436,-,-,-,-,,一般,
2019/06/11,TXO,201906  ,12200.0000,買權,-,-,-,-,0,-,-,-,-,-,-,,盤後,
2019/06/11,TXO,201906  ,12200.0000,賣權,-,-,-,-,0,1610,2,-,-,-,-,,一般,
2019/06/11,TXO,201906  ,12200.0000,賣權,-,-,-,-,0,-,-,-,-,-,-,,盤後,
2019/06/11,TXO,201906  ,12300.0000,買權,-,-,-,-,0,0.1,435,-,-,-,-,,一般,
2019/06/11,TXO,201906  ,12300.0000,買權,-,-,-,-,0,-,-,-,-,-,-,,盤後,
2019/06/11,TXO,201906  ,12300.0000,賣權,-,-,-,-,0,1710,0,-,-,-,-,,一般,
2019/06/11,TXO,201906  ,12300.0000,賣權,-,-,-,-,0,-,-,-,-,-,-,,盤後,
2019/06/11,TXO,201906  ,12400.0000,買權,-,-,-,-,0,0.1,1231,-,-,-,-,,一般,
2019/06/11,TXO,201906  ,12400.0000,買權,-,-,-,-,0,-,-,-,-,-,-,,盤後,
2019/06/11,TXO,201906  ,12400.0000,賣權,-,-,-,-,0,1810,1,-,-,-,-,,一般,
2019/06/11,TXO,201906  ,12400.0000,賣權,-,-,-,-,0,-,-,-,-,-,-,,盤後,
2019/06/11,TXO,201906  ,12500.0000,買權,-,-,-,-,0,0.1,945,-,-,-,-,,一般,
2019/06/11,TXO,201906  ,12500.0000,買權,-,-,-,-,0,-,-,-,-,-,-,,盤後,
2019/06/11,TXO,201906  ,12500.0000,賣權,-,-,-,-,0,1910,0,-,-,-,-,,一般,
2019/06/11,TXO,201906  ,12500.0000,賣權,-,-,-,-,0,-,-,-,-,-,-,,盤後,
2019/06/11,TXO,201906  ,12600.0000,買權,-,-,-,-,0,0.1,811,-,-,-,-,,一般,
2019/06/11,TXO,201906  ,12600.0000,買權,-,-,-,-,0,-,-,-,-,-,-,,盤後,
2019/06/11,TXO,201906  ,12600.0000,賣權,-,-,-,-,0,2010,0,-,-,-,-,,一般,
2019/06/11,TXO,201906  ,12600.0000,賣權,-,-,-,-,0,-,-,-,-,-,-,,盤後,
2019/06/11,TXO,201906  ,12700.0000,買權,-,-,-,-,0,0.1,471,-,-,-,-,,一般,
2019/06/11,TXO,201906  ,12700.0000,買權,-,-,-,-,0,-,-,-,-,-,-,,盤後,
2019/06/11,TXO,201906  ,12700.0000,賣權,-,-,-,-,0,2110,0,-,-,-,-,,一般,
2019/06/11,TXO,201906  ,12700.0000,賣權,-,-,-,-,0,-,-,-,-,-,-,,盤後,
2019/06/11,TXO,201906  ,12800.0000,買權,-,-,-,-,0,0.1,762,-,-,-,-,,一般,
2019/06/11,TXO,201906  ,12800.0000,買權,-,-,-,-,0,-,-,-,-,-,-,,盤後,
2019/06/11,TXO,201906  ,12800.0000,賣權,-,-,-,-,0,2210,4,-,-,-,-,,一般,
2019/06/11,TXO,201906  ,12800.0000,賣權,-,-,-,-,0,-,-,-,-,-,-,,盤後,
2019/06/11,TXO,201906  ,13000.0000,買權,-,-,-,-,0,0.1,1328,-,-,-,-,,一般,
2019/06/11,TXO,201906  ,13000.0000,買權,-,-,-,-,0,-,-,-,-,-,-,,盤後,
2019/06/11,TXO,201906  ,13000.0000,賣權,-,-,-,-,0,2410,2,-,-,-,-,,一般,
2019/06/11,TXO,201906  ,13000.0000,賣權,-,-,-,-,0,-,-,-,-,-,-,,盤後,
2019/06/11,TXO,201906  ,13200.0000,買權,-,-,-,-,0,0.1,6931,-,-,-,-,,一般,
2019/06/11,TXO,201906  ,13200.0000,買權,-,-,-,-,0,-,-,-,-,-,-,,盤後,
2019/06/11,TXO,201906  ,13200.0000,賣權,-,-,-,-,0,2610,2,-,-,-,-,,一般,
2019/06/11,TXO,201906  ,13200.0000,賣權,-,-,-,-,0,-,-,-,-,-,-,,盤後,
2019/06/11,TXO,201906  ,13400.0000,買權,-,-,-,-,0,0.1,15119,-,-,-,-,,一般,
2019/06/11,TXO,201906  ,13400.0000,買權,-,-,-,-,0,-,-,-,-,-,-,,盤後,
2019/06/11,TXO,201906  ,13400.0000,賣權,-,-,-,-,0,2810,2,-,-,-,-,,一般,
2019/06/11,TXO,201906  ,13400.0000,賣權,-,-,-,-,0,-,-,-,-,-,-,,盤後,
2019/06/11,TXO,201907  ,8700.0000,買權,-,-,-,-,0,1670,0,-,-,-,-,,一般,
2019/06/11,TXO,201907  ,8700.0000,買權,-,-,-,-,0,-,-,-,-,-,-,,盤後,
2019/06/11,TXO,201907  ,8700.0000,賣權,4.1,4.1,3.3,3.3,96,3.3,794,3.1,3.5,15.5,3.3,,一般,
2019/06/11,TXO,201907  ,8700.0000,賣權,3.9,5,3.9,5,2,-,-,4,5,15.5,3.9,,盤後,
2019/06/11,TXO,201907  ,8800.0000,買權,-,-,-,-,0,1570,0,-,-,-,-,,一般,
2019/06/11,TXO,201907  ,8800.0000,買權,-,-,-,-,0,-,-,-,-,-,-,,盤後,
2019/06/11,TXO,201907  ,8800.0000,賣權,4.6,4.6,3.9,4,48,4,746,3.8,4,23,3.9,,一般,
2019/06/11,TXO,201907  ,8800.0000,賣權,-,-,-,-,0,-,-,-,-,-,-,,盤後,
2019/06/11,TXO,201907  ,8900.0000,買權,-,-,-,-,0,1470,0,-,-,-,-,,一般,
2019/06/11,TXO,201907  ,8900.0000,買權,-,-,-,-,0,-,-,-,-,-,-,,盤後,
2019/06/11,TXO,201907  ,8900.0000,賣權,5,5,4.6,4.7,5,4.7,274,2,4.6,39,4.6,,一般,
2019/06/11,TXO,201907  ,8900.0000,賣權,-,-,-,-,0,-,-,-,-,-,-,,盤後,
2019/06/11,TXO,201907  ,9000.0000,買權,-,-,-,-,0,1370,0,-,-,-,-,,一般,
2019/06/11,TXO,201907  ,9000.0000,買權,-,-,-,-,0,-,-,-,-,-,-,,盤後,
2019/06/11,TXO,201907  ,9000.0000,賣權,6.3,6.3,5.2,5.5,86,5.2,302,4.9,5.4,44,5.2,,一般,
2019/06/11,TXO,201907  ,9000.0000,賣權,7.1,8.2,6.6,8.2,14,-,-,6,9,44,6,,盤後,
2019/06/11,TXO,201907  ,9100.0000,買權,-,-,-,-,0,1270,0,-,-,-,-,,一般,
2019/06/11,TXO,201907  ,9100.0000,買權,-,-,-,-,0,-,-,-,-,-,-,,盤後,
2019/06/11,TXO,201907  ,9100.0000,賣權,7.6,7.8,6.4,6.4,496,6.4,4404,6.2,7,48,6.4,,一般,
2019/06/11,TXO,201907  ,9100.0000,賣權,7.9,9.2,7.9,9.2,6,-,-,7.2,12,48,7.9,,盤後,
2019/06/11,TXO,201907  ,9200.0000,買權,-,-,-,-,0,1170,0,-,-,-,-,,一般,
2019/06/11,TXO,201907  ,9200.0000,買權,-,-,-,-,0,-,-,-,-,-,-,,盤後,
2019/06/11,TXO,201907  ,9200.0000,賣權,9.3,9.3,7.5,7.9,164,7.9,878,7.4,8.3,66,7.5,,一般,
2019/06/11,TXO,201907  ,9200.0000,賣權,-,-,-,-,0,-,-,-,-,-,-,,盤後,
2019/06/11,TXO,201907  ,9300.0000,買權,-,-,-,-,0,1070,20,-,-,-,-,,一般,
2019/06/11,TXO,201907  ,9300.0000,買權,-,-,-,-,0,-,-,-,-,-,-,,盤後,
2019/06/11,TXO,201907  ,9300.0000,賣權,12,12,9.2,9.6,245,9.6,2245,9.3,9.8,70,9.2,,一般,
2019/06/11,TXO,201907  ,9300.0000,賣權,12,14,12,13,15,-,-,11,14,70,12,,盤後,
2019/06/11,TXO,201907  ,9400.0000,買權,-,-,-,-,0,980,0,-,-,-,-,,一般,
2019/06/11,TXO,201907  ,9400.0000,買權,-,-,-,-,0,-,-,-,-,-,-,,盤後,
2019/06/11,TXO,201907  ,9400.0000,賣權,14.5,14.5,11,11.5,496,11.5,4623,11.5,12.5,73,11,,一般,
2019/06/11,TXO,201907  ,9400.0000,賣權,15.5,15.5,13,14,27,-,-,14,16.5,73,13,,盤後,
2019/06/11,TXO,201907  ,9500.0000,買權,-,-,-,-,0,885,1,-,-,-,-,,一般,
2019/06/11,TXO,201907  ,9500.0000,買權,-,-,-,-,0,-,-,-,-,-,-,,盤後,
2019/06/11,TXO,201907  ,9500.0000,賣權,18,18,14.5,15,432,15,1436,14.5,15.5,95,14.5,,一般,
2019/06/11,TXO,201907  ,9500.0000,賣權,20,20,17,17.5,60,-,-,18,19.5,95,17,,盤後,
2019/06/11,TXO,201907  ,9600.0000,買權,-,-,-,-,0,785,6,-,-,-,-,,一般,
2019/06/11,TXO,201907  ,9600.0000,買權,-,-,-,-,0,-,-,-,-,-,-,,盤後,
2019/06/11,TXO,201907  ,9600.0000,賣權,24,24.5,18,19,481,19,1217,19,20,114,18,,一般,
2019/06/11,TXO,201907  ,9600.0000,賣權,26,26,20.5,20.5,88,-,-,21,25.5,114,20,,盤後,
2019/06/11,TXO,201907  ,9700.0000,買權,-,-,-,-,0,690,37,-,-,-,-,,一般,
2019/06/11,TXO,201907  ,9700.0000,買權,650,650,650,650,1,-,-,359,-,750,444,,盤後,
2019/06/11,TXO,201907  ,9700.0000,賣權,31,31.5,23.5,25,372,25,2961,24,26,131,20,,一般,
2019/06/11,TXO,201907  ,9700.0000,賣權,32.5,33,28,28,90,-,-,24,30.5,131,20,,盤後,
2019/06/11,TXO,201907  ,9800.0000,買權,555,615,555,615,15,600,131,550,655,665,378,,一般,
2019/06/11,TXO,201907  ,9800.0000,買權,575,575,575,575,7,-,-,575,-,665,378,,盤後,
2019/06/11,TXO,201907  ,9800.0000,賣權,41,42,32,33,839,33,3671,32,34,158,26.5,,一般,
2019/06/11,TXO,201907  ,9800.0000,賣權,43.5,44,38,40,109,-,-,39,41,158,26.5,,盤後,
2019/06/11,TXO,201907  ,9900.0000,買權,520,520,520,520,1,510,140,505,565,905,284,,一般,
2019/06/11,TXO,201907  ,9900.0000,買權,485,485,485,485,1,-,-,219,1450,905,284,,盤後,
2019/06/11,TXO,201907  ,9900.0000,賣權,55,55,42,44,725,44,3519,43.5,44.5,187,31,,一般,
2019/06/11,TXO,201907  ,9900.0000,賣權,57,58,48,52,128,-,-,50,52,187,31,,盤後,
2019/06/11,TXO,201907  ,10000.0000,買權,418,449,418,429,25,429,287,423,450,510,231,,一般,
2019/06/11,TXO,201907  ,10000.0000,買權,400,420,400,420,8,-,-,163,-,510,231,,盤後,
2019/06/11,TXO,201907  ,10000.0000,賣權,74,75,56,59,839,59,5080,57,60,230,37,,一般,
2019/06/11,TXO,201907  ,10000.0000,賣權,76,76,65,74,240,-,-,67,74,230,37,,盤後,
2019/06/11,TXO,201907  ,10100.0000,買權,322,366,321,352,34,345,681,336,377,750,169,,一般,
2019/06/11,TXO,201907  ,10100.0000,買權,341,346,341,346,3,-,-,301,360,750,169,,盤後,
2019/06/11,TXO,201907  ,10100.0000,賣權,99,99,76,80,1297,80,6481,79,80,273,46.5,,一般,
2019/06/11,TXO,201907  ,10100.0000,賣權,99,100,85,92,203,-,-,90,94,273,46.5,,盤後,
2019/06/11,TXO,201907  ,10200.0000,買權,250,291,241,273,174,273,1022,270,299,486,131,,一般,
2019/06/11,TXO,201907  ,10200.0000,買權,252,274,245,274,31,-,-,250,277,486,131,,盤後,
2019/06/11,TXO,201907  ,10200.0000,賣權,122,128,101,106,1898,106,2281,107,108,328,54,,一般,
2019/06/11,TXO,201907  ,10200.0000,賣權,129,129,112,122,239,-,-,118,124,328,54,,盤後,
2019/06/11,TXO,201907  ,10300.0000,買權,188,225,180,208,309,208,1708,199,209,600,96,,一般,
2019/06/11,TXO,201907  ,10300.0000,買權,190,211,187,195,67,-,-,190,215,600,96,,盤後,
2019/06/11,TXO,201907  ,10300.0000,賣權,160,169,132,139,736,139,887,136,140,386,80,,一般,
2019/06/11,TXO,201907  ,10300.0000,賣權,166,168,150,160,84,-,-,145,166,386,80,,盤後,
2019/06/11,TXO,201907  ,10400.0000,買權,136,167,131,152,600,152,1833,150,153,540,69,,一般,
2019/06/11,TXO,201907  ,10400.0000,買權,137,154,136,140,103,-,-,142,153,540,69,,盤後,
2019/06/11,TXO,201907  ,10400.0000,賣權,213,214,175,182,377,182,966,183,194,451,82,,一般,
2019/06/11,TXO,201907  ,10400.0000,賣權,217,217,197,197,25,-,-,190,283,451,82,,盤後,
2019/06/11,TXO,201907  ,10500.0000,買權,100,119,90,106,1324,106,2818,104,106,435,49,,一般,
2019/06/11,TXO,201907  ,10500.0000,買權,95,110,94,105,237,-,-,101,110,435,49,,盤後,
2019/06/11,TXO,201907  ,10500.0000,賣權,264,275,227,237,257,237,450,237,243,520,99,,一般,
2019/06/11,TXO,201907  ,10500.0000,賣權,270,275,254,258,21,-,-,252,272,520,99,,盤後,
2019/06/11,TXO,201907  ,10600.0000,買權,69,82,61,73,1317,73,2908,72,74,379,33.5,,一般,
2019/06/11,TXO,201907  ,10600.0000,買權,64,76,64,72,234,-,-,71,75,379,33.5,,盤後,
2019/06/11,TXO,201907  ,10600.0000,賣權,338,346,290,306,60,306,216,283,310,600,118,,一般,
2019/06/11,TXO,201907  ,10600.0000,賣權,343,347,318,318,19,-,-,318,349,600,118,,盤後,
2019/06/11,TXO,201907  ,10700.0000,買權,45.5,55,40,47,1463,47,4193,46,49,357,23,,一般,
2019/06/11,TXO,201907  ,10700.0000,買權,45,53,43,49,289,-,-,48,51,357,23,,盤後,
2019/06/11,TXO,201907  ,10700.0000,賣權,420,420,368,380,50,380,136,378,384,720,146,,一般,
2019/06/11,TXO,201907  ,10700.0000,賣權,403,403,403,403,1,-,-,205,-,720,146,,盤後,
2019/06/11,TXO,201907  ,10800.0000,買權,28,35.5,26,30,3749,30,4412,29.5,31,295,15.5,,一般,
2019/06/11,TXO,201907  ,10800.0000,買權,28,34,27.5,33.5,147,-,-,30.5,34,295,15.5,,盤後,
2019/06/11,TXO,201907  ,10800.0000,賣權,461,465,452,456,11,465,120,408,474,815,181,,一般,
2019/06/11,TXO,201907  ,10800.0000,賣權,510,510,510,510,1,-,-,240,-,815,181,,盤後,
2019/06/11,TXO,201907  ,10900.0000,買權,18.5,21.5,16.5,18.5,1052,18.5,1758,18,19,240,11,,一般,
2019/06/11,TXO,201907  ,10900.0000,買權,18.5,23.5,17,17,333,-,-,18.5,23,240,11,,盤後,
2019/06/11,TXO,201907  ,10900.0000,賣權,555,565,535,535,18,555,60,550,560,730,240,,一般,
2019/06/11,TXO,201907  ,10900.0000,賣權,-,-,-,-,0,-,-,-,-,-,-,,盤後,
2019/06/11,TXO,201907  ,11000.0000,買權,11.5,14.5,11,12,791,12,1560,11,14,188,6,,一般,
2019/06/11,TXO,201907  ,11000.0000,買權,11.5,14.5,11.5,13,75,-,-,13,14.5,188,6,,盤後,
2019/06/11,TXO,201907  ,11000.0000,賣權,645,645,645,645,1,645,37,590,700,980,290,,一般,
2019/06/11,TXO,201907  ,11000.0000,賣權,695,695,695,695,1,-,-,376,-,980,290,,盤後,
2019/06/11,TXO,201907  ,11100.0000,買權,8,9.2,7.4,7.8,295,7.8,733,6.2,9.5,144,5,,一般,
2019/06/11,TXO,201907  ,11100.0000,買權,8.2,10.5,8.2,10.5,23,-,-,7.8,10.5,144,5,,盤後,
2019/06/11,TXO,201907  ,11100.0000,賣權,745,745,745,745,1,745,1,685,790,785,448,,一般,
2019/06/11,TXO,201907  ,11100.0000,賣權,-,-,-,-,0,-,-,-,-,-,-,,盤後,
2019/06/11,TXO,201907  ,11200.0000,買權,5.5,6.3,5.3,5.4,200,5.4,585,3.9,6.5,101,4.1,,一般,
2019/06/11,TXO,201907  ,11200.0000,買權,5.3,7,5.3,7,70,-,-,6,7,101,4.1,,盤後,
2019/06/11,TXO,201907  ,11200.0000,賣權,835,835,835,835,1,840,2,785,890,1100,510,,一般,
2019/06/11,TXO,201907  ,11200.0000,賣權,-,-,-,-,0,-,-,-,-,-,-,,盤後,
2019/06/11,TXO,201907  ,11300.0000,買權,3.8,4.3,3.8,4,169,4,454,1.7,3.8,83,1,,一般,
2019/06/11,TXO,201907  ,11300.0000,買權,3.8,3.8,3.8,3.8,1,-,-,0.4,5,83,1,,盤後,
2019/06/11,TXO,201907  ,11300.0000,賣權,-,-,-,-,0,940,1,-,-,-,-,,一般,
2019/06/11,TXO,201907  ,11300.0000,賣權,-,-,-,-,0,-,-,-,-,-,-,,盤後,
2019/06/11,TXO,201907  ,11400.0000,買權,2.8,3,2.8,2.8,42,2.8,272,0.1,2.8,60,2.3,,一般,
2019/06/11,TXO,201907  ,11400.0000,買權,3.3,3.3,3.3,3.3,1,-,-,0.2,50,60,2.3,,盤後,
2019/06/11,TXO,201907  ,11400.0000,賣權,-,-,-,-,0,1040,3,-,-,-,-,,一般,
2019/06/11,TXO,201907  ,11400.0000,賣權,-,-,-,-,0,-,-,-,-,-,-,,盤後,
2019/06/11,TXO,201907  ,11500.0000,買權,2.3,2.3,2.1,2.1,11,2.1,217,-,2.2,36.5,1.9,,一般,
2019/06/11,TXO,201907  ,11500.0000,買權,-,-,-,-,0,-,-,-,-,-,-,,盤後,
2019/06/11,TXO,201907  ,11500.0000,賣權,1120,1120,1120,1120,1,1140,1,1120,1190,1270,745,,一般,
2019/06/11,TXO,201907  ,11500.0000,賣權,-,-,-,-,0,-,-,-,-,-,-,,盤後,
2019/06/11,TXO,201907  ,11600.0000,買權,1.8,1.8,1.8,1.8,1,1.8,248,-,1.9,28.5,1.6,,一般,
2019/06/11,TXO,201907  ,11600.0000,買權,-,-,-,-,0,-,-,-,-,-,-,,盤後,
2019/06/11,TXO,201907  ,11600.0000,賣權,-,-,-,-,0,1240,0,-,-,-,-,,一般,
2019/06/11,TXO,201907  ,11600.0000,賣權,-,-,-,-,0,-,-,-,-,-,-,,盤後,
2019/06/11,TXO,201907  ,11700.0000,買權,-,-,-,-,0,1.5,533,-,-,-,-,,一般,
2019/06/11,TXO,201907  ,11700.0000,買權,-,-,-,-,0,-,-,-,-,-,-,,盤後,
2019/06/11,TXO,201907  ,11700.0000,賣權,-,-,-,-,0,1340,0,-,-,-,-,,一般,
2019/06/11,TXO,201907  ,11700.0000,賣權,-,-,-,-,0,-,-,-,-,-,-,,盤後,
2019/06/11,TXO,201907  ,11800.0000,買權,1.3,1.3,1.3,1.3,1,1.3,367,-,3.9,12,1.1,,一般,
2019/06/11,TXO,201907  ,11800.0000,買權,-,-,-,-,0,-,-,-,-,-,-,,盤後,
2019/06/11,TXO,201907  ,11800.0000,賣權,-,-,-,-,0,1440,0,-,-,-,-,,一般,
2019/06/11,TXO,201907  ,11800.0000,賣權,-,-,-,-,0,-,-,-,-,-,-,,盤後,
2019/06/11,TXO,201907  ,11900.0000,買權,-,-,-,-,0,0.1,329,-,-,-,-,,一般,
2019/06/11,TXO,201907  ,11900.0000,買權,-,-,-,-,0,-,-,-,-,-,-,,盤後,
2019/06/11,TXO,201907  ,11900.0000,賣權,-,-,-,-,0,1530,0,-,-,-,-,,一般,
2019/06/11,TXO,201907  ,11900.0000,賣權,-,-,-,-,0,-,-,-,-,-,-,,盤後,
2019/06/11,TXO,201907  ,12000.0000,買權,-,-,-,-,0,0.1,188,-,-,-,-,,一般,
2019/06/11,TXO,201907  ,12000.0000,買權,-,-,-,-,0,-,-,-,-,-,-,,盤後,
2019/06/11,TXO,201907  ,12000.0000,賣權,-,-,-,-,0,1630,0,-,-,-,-,,一般,
2019/06/11,TXO,201907  ,12000.0000,賣權,-,-,-,-,0,-,-,-,-,-,-,,盤後,
2019/06/11,TXO,201907  ,12100.0000,買權,-,-,-,-,0,0.1,514,-,-,-,-,,一般,
2019/06/11,TXO,201907  ,12100.0000,買權,-,-,-,-,0,-,-,-,-,-,-,,盤後,
2019/06/11,TXO,201907  ,12100.0000,賣權,-,-,-,-,0,1730,0,-,-,-,-,,一般,
2019/06/11,TXO,201907  ,12100.0000,賣權,-,-,-,-,0,-,-,-,-,-,-,,盤後,
2019/06/11,TXO,201907  ,12200.0000,買權,-,-,-,-,0,0.1,577,-,-,-,-,,一般,
2019/06/11,TXO,201907  ,12200.0000,買權,-,-,-,-,0,-,-,-,-,-,-,,盤後,
2019/06/11,TXO,201907  ,12200.0000,賣權,-,-,-,-,0,1830,0,-,-,-,-,,一般,
2019/06/11,TXO,201907  ,12200.0000,賣權,-,-,-,-,0,-,-,-,-,-,-,,盤後,
2019/06/11,TXO,201907  ,12300.0000,買權,-,-,-,-,0,0.1,120,-,-,-,-,,一般,
2019/06/11,TXO,201907  ,12300.0000,買權,-,-,-,-,0,-,-,-,-,-,-,,盤後,
2019/06/11,TXO,201907  ,12300.0000,賣權,-,-,-,-,0,1930,0,-,-,-,-,,一般,
2019/06/11,TXO,201907  ,12300.0000,賣權,-,-,-,-,0,-,-,-,-,-,-,,盤後,
2019/06/11,TXO,201907  ,12400.0000,買權,-,-,-,-,0,0.1,675,-,-,-,-,,一般,
2019/06/11,TXO,201907  ,12400.0000,買權,-,-,-,-,0,-,-,-,-,-,-,,盤後,
2019/06/11,TXO,201907  ,12400.0000,賣權,-,-,-,-,0,2030,0,-,-,-,-,,一般,
2019/06/11,TXO,201907  ,12400.0000,賣權,-,-,-,-,0,-,-,-,-,-,-,,盤後,
2019/06/11,TXO,201907  ,12500.0000,買權,-,-,-,-,0,0.1,160,-,-,-,-,,一般,
2019/06/11,TXO,201907  ,12500.0000,買權,-,-,-,-,0,-,-,-,-,-,-,,盤後,
2019/06/11,TXO,201907  ,12500.0000,賣權,-,-,-,-,0,2130,0,-,-,-,-,,一般,
2019/06/11,TXO,201907  ,12500.0000,賣權,-,-,-,-,0,-,-,-,-,-,-,,盤後,
2019/06/11,TXO,201907  ,12600.0000,買權,-,-,-,-,0,0.1,120,-,-,-,-,,一般,
2019/06/11,TXO,201907  ,12600.0000,買權,-,-,-,-,0,-,-,-,-,-,-,,盤後,
2019/06/11,TXO,201907  ,12600.0000,賣權,-,-,-,-,0,2230,0,-,-,-,-,,一般,
2019/06/11,TXO,201907  ,12600.0000,賣權,-,-,-,-,0,-,-,-,-,-,-,,盤後,
2019/06/11,TXO,201907  ,12700.0000,買權,-,-,-,-,0,0.1,315,-,-,-,-,,一般,
2019/06/11,TXO,201907  ,12700.0000,買權,-,-,-,-,0,-,-,-,-,-,-,,盤後,
2019/06/11,TXO,201907  ,12700.0000,賣權,-,-,-,-,0,2330,0,-,-,-,-,,一般,
2019/06/11,TXO,201907  ,12700.0000,賣權,-,-,-,-,0,-,-,-,-,-,-,,盤後,
2019/06/11,TXO,201907  ,12800.0000,買權,-,-,-,-,0,0.1,921,-,-,-,-,,一般,
2019/06/11,TXO,201907  ,12800.0000,買權,-,-,-,-,0,-,-,-,-,-,-,,盤後,
2019/06/11,TXO,201907  ,12800.0000,賣權,-,-,-,-,0,2430,0,-,-,-,-,,一般,
2019/06/11,TXO,201907  ,12800.0000,賣權,-,-,-,-,0,-,-,-,-,-,-,,盤後,
2019/06/11,TXO,201908  ,8700.0000,買權,-,-,-,-,0,1540,0,-,-,-,-,,一般,
2019/06/11,TXO,201908  ,8700.0000,買權,-,-,-,-,0,-,-,-,-,-,-,,盤後,
2019/06/11,TXO,201908  ,8700.0000,賣權,16,16,13,14,14,14,173,5.6,15,40,13,,一般,
2019/06/11,TXO,201908  ,8700.0000,賣權,-,-,-,-,0,-,-,-,-,-,-,,盤後,
2019/06/11,TXO,201908  ,8800.0000,買權,-,-,-,-,0,1440,0,-,-,-,-,,一般,
2019/06/11,TXO,201908  ,8800.0000,買權,-,-,-,-,0,-,-,-,-,-,-,,盤後,
2019/06/11,TXO,201908  ,8800.0000,賣權,17.5,17.5,15,16.5,61,16,139,7.6,16,49,15,,一般,
2019/06/11,TXO,201908  ,8800.0000,賣權,18.5,18.5,18.5,18.5,2,-,-,7.4,20.5,49,18.5,,盤後,
2019/06/11,TXO,201908  ,8900.0000,買權,-,-,-,-,0,1340,0,-,-,-,-,,一般,
2019/06/11,TXO,201908  ,8900.0000,買權,-,-,-,-,0,-,-,-,-,-,-,,盤後,
2019/06/11,TXO,201908  ,8900.0000,賣權,20.5,20.5,18,18,29,18,154,17.5,19.5,57,18,,一般,
2019/06/11,TXO,201908  ,8900.0000,賣權,-,-,-,-,0,-,-,-,-,-,-,,盤後,
2019/06/11,TXO,201908  ,9000.0000,買權,-,-,-,-,0,1250,0,-,-,-,-,,一般,
2019/06/11,TXO,201908  ,9000.0000,買權,-,-,-,-,0,-,-,-,-,-,-,,盤後,
2019/06/11,TXO,201908  ,9000.0000,賣權,24,24,21.5,22.5,9,22.5,138,21,23.5,66,21.5,,一般,
2019/06/11,TXO,201908  ,9000.0000,賣權,-,-,-,-,0,-,-,-,-,-,-,,盤後,
2019/06/11,TXO,201908  ,9100.0000,買權,-,-,-,-,0,1150,0,-,-,-,-,,一般,
2019/06/11,TXO,201908  ,9100.0000,買權,-,-,-,-,0,-,-,-,-,-,-,,盤後,
2019/06/11,TXO,201908  ,9100.0000,賣權,30,30.5,26,27,16,27,104,27,31,75,26,,一般,
2019/06/11,TXO,201908  ,9100.0000,賣權,-,-,-,-,0,-,-,-,-,-,-,,盤後,
2019/06/11,TXO,201908  ,9200.0000,買權,-,-,-,-,0,1060,0,-,-,-,-,,一般,
2019/06/11,TXO,201908  ,9200.0000,買權,-,-,-,-,0,-,-,-,-,-,-,,盤後,
2019/06/11,TXO,201908  ,9200.0000,賣權,37,37,31,31,18,31,85,20,87,88,31,,一般,
2019/06/11,TXO,201908  ,9200.0000,賣權,-,-,-,-,0,-,-,-,-,-,-,,盤後,
2019/06/11,TXO,201908  ,9300.0000,買權,-,-,-,-,0,965,2,-,-,-,-,,一般,
2019/06/11,TXO,201908  ,9300.0000,買權,-,-,-,-,0,-,-,-,-,-,-,,盤後,
2019/06/11,TXO,201908  ,9300.0000,賣權,43,43,38.5,38.5,10,38.5,140,22.5,94,102,38.5,,一般,
2019/06/11,TXO,201908  ,9300.0000,賣權,-,-,-,-,0,-,-,-,-,-,-,,盤後,
2019/06/11,TXO,201908  ,9400.0000,買權,-,-,-,-,0,875,0,-,-,-,-,,一般,
2019/06/11,TXO,201908  ,9400.0000,買權,-,-,-,-,0,-,-,-,-,-,-,,盤後,
2019/06/11,TXO,201908  ,9400.0000,賣權,56,56,46.5,46.5,53,46.5,111,27.5,47.5,136,46.5,,一般,
2019/06/11,TXO,201908  ,9400.0000,賣權,50,50,50,50,1,-,-,43,65,136,50,,盤後,
2019/06/11,TXO,201908  ,9500.0000,買權,-,-,-,-,0,790,0,-,-,-,-,,一般,
2019/06/11,TXO,201908  ,9500.0000,買權,-,-,-,-,0,-,-,-,-,-,-,,盤後,
2019/06/11,TXO,201908  ,9500.0000,賣權,67,67,57,57,22,57,185,51,117,159,57,,一般,
2019/06/11,TXO,201908  ,9500.0000,賣權,67,67,66,66,2,-,-,65,268,159,66,,盤後,
2019/06/11,TXO,201908  ,9600.0000,買權,-,-,-,-,0,700,5,-,-,-,-,,一般,
2019/06/11,TXO,201908  ,9600.0000,買權,-,-,-,-,0,-,-,-,-,-,-,,盤後,
2019/06/11,TXO,201908  ,9600.0000,賣權,75,75,69,71,60,71,175,39.5,71,179,69,,一般,
2019/06/11,TXO,201908  ,9600.0000,賣權,80,80,80,80,1,-,-,78,595,179,80,,盤後,
2019/06/11,TXO,201908  ,9700.0000,買權,-,-,-,-,0,610,11,-,-,-,-,,一般,
2019/06/11,TXO,201908  ,9700.0000,買權,-,-,-,-,0,-,-,-,-,-,-,,盤後,
2019/06/11,TXO,201908  ,9700.0000,賣權,96,96,85,85,73,85,206,82,87,212,85,,一般,
2019/06/11,TXO,201908  ,9700.0000,賣權,98,98,94,94,4,-,-,92,100,212,94,,盤後,
2019/06/11,TXO,201908  ,9800.0000,買權,-,-,-,-,0,530,7,-,-,-,-,,一般,
2019/06/11,TXO,201908  ,9800.0000,買權,-,-,-,-,0,-,-,-,-,-,-,,盤後,
2019/06/11,TXO,201908  ,9800.0000,賣權,113,113,102,105,62,105,234,101,106,254,96,,一般,
2019/06/11,TXO,201908  ,9800.0000,賣權,120,120,96,96,8,-,-,58,120,254,96,,盤後,
2019/06/11,TXO,201908  ,9900.0000,買權,-,-,-,-,0,452,20,-,-,-,-,,一般,
2019/06/11,TXO,201908  ,9900.0000,買權,-,-,-,-,0,-,-,-,-,-,-,,盤後,
2019/06/11,TXO,201908  ,9900.0000,賣權,134,135,125,127,32,127,70,101,136,303,125,,一般,
2019/06/11,TXO,201908  ,9900.0000,賣權,146,146,146,146,2,-,-,100,149,303,146,,盤後,
2019/06/11,TXO,201908  ,10000.0000,買權,389,389,389,389,1,383,19,307,438,408,266,,一般,
2019/06/11,TXO,201908  ,10000.0000,買權,-,-,-,-,0,-,-,-,-,-,-,,盤後,
2019/06/11,TXO,201908  ,10000.0000,賣權,172,175,153,155,80,155,82,123,227,320,153,,一般,
2019/06/11,TXO,201908  ,10000.0000,賣權,-,-,-,-,0,-,-,-,-,-,-,,盤後,
2019/06/11,TXO,201908  ,10100.0000,買權,-,-,-,-,0,315,13,-,-,-,-,,一般,
2019/06/11,TXO,201908  ,10100.0000,買權,315,315,315,315,3,-,-,125,-,315,218,,盤後,
2019/06/11,TXO,201908  ,10100.0000,賣權,204,204,189,190,26,190,69,106,228,364,189,,一般,
2019/06/11,TXO,201908  ,10100.0000,賣權,208,208,208,208,5,-,-,107,-,364,208,,盤後,
2019/06/11,TXO,201908  ,10200.0000,買權,264,264,264,264,2,258,69,254,262,306,148,,一般,
2019/06/11,TXO,201908  ,10200.0000,買權,249,250,249,250,2,-,-,97,399,306,148,,盤後,
2019/06/11,TXO,201908  ,10200.0000,賣權,230,230,228,230,11,230,30,227,234,396,228,,一般,
2019/06/11,TXO,201908  ,10200.0000,賣權,-,-,-,-,0,-,-,-,-,-,-,,盤後,
2019/06/11,TXO,201908  ,10300.0000,買權,192,212,192,212,3,212,28,194,229,212,129,,一般,
2019/06/11,TXO,201908  ,10300.0000,買權,200,200,200,200,2,-,-,73,299,200,129,,盤後,
2019/06/11,TXO,201908  ,10300.0000,賣權,278,278,278,278,1,284,54,274,282,515,278,,一般,
2019/06/11,TXO,201908  ,10300.0000,賣權,-,-,-,-,0,-,-,-,-,-,-,,盤後,
2019/06/11,TXO,201908  ,10400.0000,買權,161,171,161,168,3,161,59,157,164,190,88,,一般,
2019/06/11,TXO,201908  ,10400.0000,買權,-,-,-,-,0,-,-,-,-,-,-,,盤後,
2019/06/11,TXO,201908  ,10400.0000,賣權,351,351,332,332,3,332,24,311,418,535,332,,一般,
2019/06/11,TXO,201908  ,10400.0000,賣權,-,-,-,-,0,-,-,-,-,-,-,,盤後,
2019/06/11,TXO,201908  ,10500.0000,買權,111,132,111,128,25,128,150,111,135,179,70,,一般,
2019/06/11,TXO,201908  ,10500.0000,買權,117,117,116,116,2,-,-,111,211,179,70,,盤後,
2019/06/11,TXO,201908  ,10500.0000,賣權,424,424,424,424,2,400,43,371,484,670,424,,一般,
2019/06/11,TXO,201908  ,10500.0000,賣權,-,-,-,-,0,-,-,-,-,-,-,,盤後,
2019/06/11,TXO,201908  ,10600.0000,買權,85,101,83,94,64,94,120,82,138,134,46.5,,一般,
2019/06/11,TXO,201908  ,10600.0000,買權,89,89,89,89,6,-,-,85,177,134,46.5,,盤後,
2019/06/11,TXO,201908  ,10600.0000,賣權,484,484,450,450,3,465,15,436,520,745,450,,一般,
2019/06/11,TXO,201908  ,10600.0000,賣權,-,-,-,-,0,-,-,-,-,-,-,,盤後,
2019/06/11,TXO,201908  ,10700.0000,買權,68,73,68,72,27,72,168,58,88,109,36,,一般,
2019/06/11,TXO,201908  ,10700.0000,買權,65,65,65,65,1,-,-,58,176,109,36,,盤後,
2019/06/11,TXO,201908  ,10700.0000,賣權,-,-,-,-,0,540,4,-,-,-,-,,一般,
2019/06/11,TXO,201908  ,10700.0000,賣權,-,-,-,-,0,-,-,-,-,-,-,,盤後,
2019/06/11,TXO,201908  ,10800.0000,買權,50,55,49.5,49.5,36,49.5,144,43,58,80,29,,一般,
2019/06/11,TXO,201908  ,10800.0000,買權,44.5,49.5,44.5,49,28,-,-,43,55,80,29,,盤後,
2019/06/11,TXO,201908  ,10800.0000,賣權,-,-,-,-,0,620,0,-,-,-,-,,一般,
2019/06/11,TXO,201908  ,10800.0000,賣權,-,-,-,-,0,-,-,-,-,-,-,,盤後,
2019/06/11,TXO,201908  ,10900.0000,買權,34,40,33,36.5,59,34.5,306,34,35,60,21.5,,一般,
2019/06/11,TXO,201908  ,10900.0000,買權,37.5,38.5,37.5,38.5,10,-,-,31.5,40,60,21.5,,盤後,
2019/06/11,TXO,201908  ,10900.0000,賣權,-,-,-,-,0,710,2,-,-,-,-,,一般,
2019/06/11,TXO,201908  ,10900.0000,賣權,-,-,-,-,0,-,-,-,-,-,-,,盤後,
2019/06/11,TXO,201908  ,11000.0000,買權,23,28,23,25.5,55,25.5,343,20,26.5,44.5,16,,一般,
2019/06/11,TXO,201908  ,11000.0000,買權,27.5,28,27.5,28,20,-,-,20,28,44.5,16,,盤後,
2019/06/11,TXO,201908  ,11000.0000,賣權,-,-,-,-,0,800,0,-,-,-,-,,一般,
2019/06/11,TXO,201908  ,11000.0000,賣權,-,-,-,-,0,-,-,-,-,-,-,,盤後,
2019/06/11,TXO,201908  ,11100.0000,買權,18.5,20,18.5,19,7,19,138,6.4,20,35,12,,一般,
2019/06/11,TXO,201908  ,11100.0000,買權,-,-,-,-,0,-,-,-,-,-,-,,盤後,
2019/06/11,TXO,201908  ,11100.0000,賣權,-,-,-,-,0,885,0,-,-,-,-,,一般,
2019/06/11,TXO,201908  ,11100.0000,賣權,-,-,-,-,0,-,-,-,-,-,-,,盤後,
2019/06/11,TXO,201908  ,11200.0000,買權,13.5,15,13.5,15,27,15,135,5.1,15,24,9.2,,一般,
2019/06/11,TXO,201908  ,11200.0000,買權,13.5,13.5,13.5,13.5,1,-,-,13,14.5,24,9.2,,盤後,
2019/06/11,TXO,201908  ,11200.0000,賣權,-,-,-,-,0,985,0,-,-,-,-,,一般,
2019/06/11,TXO,201908  ,11200.0000,賣權,-,-,-,-,0,-,-,-,-,-,-,,盤後,
2019/06/11,TXO,201908  ,11300.0000,買權,-,-,-,-,0,11.5,154,-,-,-,-,,一般,
2019/06/11,TXO,201908  ,11300.0000,買權,-,-,-,-,0,-,-,-,-,-,-,,盤後,
2019/06/11,TXO,201908  ,11300.0000,賣權,-,-,-,-,0,1080,0,-,-,-,-,,一般,
2019/06/11,TXO,201908  ,11300.0000,賣權,1100,1100,1100,1100,1,-,-,-,-,1140,1100,,盤後,
2019/06/11,TXO,201908  ,11400.0000,買權,-,-,-,-,0,9.2,151,-,-,-,-,,一般,
2019/06/11,TXO,201908  ,11400.0000,買權,-,-,-,-,0,-,-,-,-,-,-,,盤後,
2019/06/11,TXO,201908  ,11400.0000,賣權,-,-,-,-,0,1180,0,-,-,-,-,,一般,
2019/06/11,TXO,201908  ,11400.0000,賣權,-,-,-,-,0,-,-,-,-,-,-,,盤後,
2019/06/11,TXO,201908  ,11500.0000,買權,-,-,-,-,0,7.2,1,-,-,-,-,,一般,
2019/06/11,TXO,201908  ,11500.0000,買權,-,-,-,-,0,-,-,-,-,-,-,,盤後,
2019/06/11,TXO,201908  ,11500.0000,賣權,-,-,-,-,0,1280,0,-,-,-,-,,一般,
2019/06/11,TXO,201908  ,11500.0000,賣權,-,-,-,-,0,-,-,-,-,-,-,,盤後,
2019/06/11,TXO,201908  ,11600.0000,買權,-,-,-,-,0,5.2,5,-,-,-,-,,一般,
2019/06/11,TXO,201908  ,11600.0000,買權,-,-,-,-,0,-,-,-,-,-,-,,盤後,
2019/06/11,TXO,201908  ,11600.0000,賣權,-,-,-,-,0,1380,0,-,-,-,-,,一般,
2019/06/11,TXO,201908  ,11600.0000,賣權,-,-,-,-,0,-,-,-,-,-,-,,盤後,
2019/06/11,TXO,201908  ,11700.0000,買權,3.2,3.2,3.2,3.2,3,3.2,16,0.1,53,3.2,3.1,,一般,
2019/06/11,TXO,201908  ,11700.0000,買權,-,-,-,-,0,-,-,-,-,-,-,,盤後,
2019/06/11,TXO,201908  ,11700.0000,賣權,-,-,-,-,0,1470,0,-,-,-,-,,一般,
2019/06/11,TXO,201908  ,11700.0000,賣權,-,-,-,-,0,-,-,-,-,-,-,,盤後,
2019/06/11,TXO,201908  ,11800.0000,買權,2.7,2.8,2.6,2.7,24,2.7,33,0.1,52,2.8,2.6,,一般,
2019/06/11,TXO,201908  ,11800.0000,買權,2.6,2.6,2.6,2.6,2,-,-,0.2,106,2.6,2.6,,盤後,
2019/06/11,TXO,201908  ,11800.0000,賣權,-,-,-,-,0,1570,0,-,-,-,-,,一般,
2019/06/11,TXO,201908  ,11800.0000,賣權,-,-,-,-,0,-,-,-,-,-,-,,盤後,
2019/06/11,TXO,201908  ,11900.0000,買權,-,-,-,-,0,2.5,0,-,-,-,-,,一般,
2019/06/11,TXO,201908  ,11900.0000,買權,-,-,-,-,0,-,-,-,-,-,-,,盤後,
2019/06/11,TXO,201908  ,11900.0000,賣權,-,-,-,-,0,1670,0,-,-,-,-,,一般,
2019/06/11,TXO,201908  ,11900.0000,賣權,-,-,-,-,0,-,-,-,-,-,-,,盤後,
2019/06/11,TXO,201908  ,12000.0000,買權,-,-,-,-,0,1.7,2,-,-,-,-,,一般,
2019/06/11,TXO,201908  ,12000.0000,買權,-,-,-,-,0,-,-,-,-,-,-,,盤後,
2019/06/11,TXO,201908  ,12000.0000,賣權,-,-,-,-,0,1770,0,-,-,-,-,,一般,
2019/06/11,TXO,201908  ,12000.0000,賣權,-,-,-,-,0,-,-,-,-,-,-,,盤後,
2019/06/11,TXO,201908  ,12100.0000,買權,-,-,-,-,0,1.2,0,-,-,-,-,,一般,
2019/06/11,TXO,201908  ,12100.0000,買權,-,-,-,-,0,-,-,-,-,-,-,,盤後,
2019/06/11,TXO,201908  ,12100.0000,賣權,-,-,-,-,0,1870,0,-,-,-,-,,一般,
2019/06/11,TXO,201908  ,12100.0000,賣權,-,-,-,-,0,-,-,-,-,-,-,,盤後,
2019/06/11,TXO,201908  ,12200.0000,買權,-,-,-,-,0,0.8,0,-,-,-,-,,一般,
2019/06/11,TXO,201908  ,12200.0000,買權,-,-,-,-,0,-,-,-,-,-,-,,盤後,
2019/06/11,TXO,201908  ,12200.0000,賣權,-,-,-,-,0,1970,0,-,-,-,-,,一般,
2019/06/11,TXO,201908  ,12200.0000,賣權,-,-,-,-,0,-,-,-,-,-,-,,盤後,
2019/06/11,TXO,201909  ,7400.0000,買權,-,-,-,-,0,2790,0,-,-,-,-,,一般,
2019/06/11,TXO,201909  ,7400.0000,買權,-,-,-,-,0,-,-,-,-,-,-,,盤後,
2019/06/11,TXO,201909  ,7400.0000,賣權,6.1,6.1,5.1,5.7,52,5.7,4540,5.5,13.5,175,5.1,,一般,
2019/06/11,TXO,201909  ,7400.0000,賣權,-,-,-,-,0,-,-,-,-,-,-,,盤後,
2019/06/11,TXO,201909  ,7600.0000,買權,-,-,-,-,0,2600,5,-,-,-,-,,一般,
2019/06/11,TXO,201909  ,7600.0000,買權,-,-,-,-,0,-,-,-,-,-,-,,盤後,
2019/06/11,TXO,201909  ,7600.0000,賣權,7.1,7.1,6.8,6.8,22,6.8,3112,6.4,57,217,6.7,,一般,
2019/06/11,TXO,201909  ,7600.0000,賣權,-,-,-,-,0,-,-,-,-,-,-,,盤後,
2019/06/11,TXO,201909  ,7800.0000,買權,-,-,-,-,0,2400,0,-,-,-,-,,一般,
2019/06/11,TXO,201909  ,7800.0000,買權,-,-,-,-,0,-,-,-,-,-,-,,盤後,
2019/06/11,TXO,201909  ,7800.0000,賣權,-,-,-,-,0,7.7,3455,-,-,-,-,,一般,
2019/06/11,TXO,201909  ,7800.0000,賣權,-,-,-,-,0,-,-,-,-,-,-,,盤後,
2019/06/11,TXO,201909  ,8000.0000,買權,-,-,-,-,0,2200,1,-,-,-,-,,一般,
2019/06/11,TXO,201909  ,8000.0000,買權,-,-,-,-,0,-,-,-,-,-,-,,盤後,
2019/06/11,TXO,201909  ,8000.0000,賣權,12,12,10.5,11,41,11,3335,10,13,281,10.5,,一般,
2019/06/11,TXO,201909  ,8000.0000,賣權,13.5,13.5,13.5,13.5,1,-,-,12,114,281,11,,盤後,
2019/06/11,TXO,201909  ,8200.0000,買權,-,-,-,-,0,2000,16,-,-,-,-,,一般,
2019/06/11,TXO,201909  ,8200.0000,買權,-,-,-,-,0,-,-,-,-,-,-,,盤後,
2019/06/11,TXO,201909  ,8200.0000,賣權,14.5,14.5,12.5,12.5,104,12.5,530,11,13.5,340,12.5,,一般,
2019/06/11,TXO,201909  ,8200.0000,賣權,-,-,-,-,0,-,-,-,-,-,-,,盤後,
2019/06/11,TXO,201909  ,8400.0000,買權,-,-,-,-,0,1800,40,-,-,-,-,,一般,
2019/06/11,TXO,201909  ,8400.0000,買權,-,-,-,-,0,-,-,-,-,-,-,,盤後,
2019/06/11,TXO,201909  ,8400.0000,賣權,-,-,-,-,0,14,757,-,-,-,-,,一般,
2019/06/11,TXO,201909  ,8400.0000,賣權,19.5,19.5,19.5,19.5,1,-,-,6.8,199,391,18,,盤後,
2019/06/11,TXO,201909  ,8600.0000,買權,-,-,-,-,0,1610,0,-,-,-,-,,一般,
2019/06/11,TXO,201909  ,8600.0000,買權,-,-,-,-,0,-,-,-,-,-,-,,盤後,
2019/06/11,TXO,201909  ,8600.0000,賣權,25,26,24,24,7,24,489,21.5,24,441,20,,一般,
2019/06/11,TXO,201909  ,8600.0000,賣權,27,27,27,27,2,-,-,8.5,29,441,20,,盤後,
2019/06/11,TXO,201909  ,8800.0000,買權,-,-,-,-,0,1420,31,-,-,-,-,,一般,
2019/06/11,TXO,201909  ,8800.0000,買權,-,-,-,-,0,-,-,-,-,-,-,,盤後,
2019/06/11,TXO,201909  ,8800.0000,賣權,32,32,31,31,3,31,419,29,32,535,25,,一般,
2019/06/11,TXO,201909  ,8800.0000,賣權,35,35,35,35,2,-,-,28,140,535,25,,盤後,
2019/06/11,TXO,201909  ,9000.0000,買權,-,-,-,-,0,1230,68,-,-,-,-,,一般,
2019/06/11,TXO,201909  ,9000.0000,買權,-,-,-,-,0,-,-,-,-,-,-,,盤後,
2019/06/11,TXO,201909  ,9000.0000,賣權,46,47,40.5,41,72,41,645,40.5,43,620,30,,一般,
2019/06/11,TXO,201909  ,9000.0000,賣權,-,-,-,-,0,-,-,-,-,-,-,,盤後,
2019/06/11,TXO,201909  ,9200.0000,買權,-,-,-,-,0,1050,65,-,-,-,-,,一般,
2019/06/11,TXO,201909  ,9200.0000,買權,-,-,-,-,0,-,-,-,-,-,-,,盤後,
2019/06/11,TXO,201909  ,9200.0000,賣權,60,60,56,58,17,58,983,56,69,700,42.5,,一般,
2019/06/11,TXO,201909  ,9200.0000,賣權,61,61,61,61,1,-,-,60,399,700,42.5,,盤後,
2019/06/11,TXO,201909  ,9400.0000,買權,880,880,880,880,1,870,61,855,890,1280,315,,一般,
2019/06/11,TXO,201909  ,9400.0000,買權,850,850,850,850,1,-,-,482,-,1280,315,,盤後,
2019/06/11,TXO,201909  ,9400.0000,賣權,88,88,79,80,9,80,1177,68,80,825,54,,一般,
2019/06/11,TXO,201909  ,9400.0000,賣權,88,91,88,91,2,-,-,49,88,825,54,,盤後,
2019/06/11,TXO,201909  ,9600.0000,買權,710,710,710,710,1,700,93,685,710,1060,238,,一般,
2019/06/11,TXO,201909  ,9600.0000,買權,-,-,-,-,0,-,-,-,-,-,-,,盤後,
2019/06/11,TXO,201909  ,9600.0000,賣權,122,122,109,109,15,109,1117,107,129,940,67,,一般,
2019/06/11,TXO,201909  ,9600.0000,賣權,-,-,-,-,0,-,-,-,-,-,-,,盤後,
2019/06/11,TXO,201909  ,9800.0000,買權,555,570,555,555,8,555,355,540,565,1600,189,,一般,
2019/06/11,TXO,201909  ,9800.0000,買權,-,-,-,-,0,-,-,-,-,-,-,,盤後,
2019/06/11,TXO,201909  ,9800.0000,賣權,152,155,152,155,4,155,608,139,169,1080,54,,一般,
2019/06/11,TXO,201909  ,9800.0000,賣權,-,-,-,-,0,-,-,-,-,-,-,,盤後,
2019/06/11,TXO,201909  ,10000.0000,買權,-,-,-,-,0,406,876,-,-,-,-,,一般,
2019/06/11,TXO,201909  ,10000.0000,買權,-,-,-,-,0,-,-,-,-,-,-,,盤後,
2019/06/11,TXO,201909  ,10000.0000,賣權,213,213,212,213,24,213,870,212,217,1210,113,,一般,
2019/06/11,TXO,201909  ,10000.0000,賣權,220,220,220,220,1,-,-,158,-,1210,113,,盤後,
2019/06/11,TXO,201909  ,10200.0000,買權,280,301,280,291,11,284,534,278,289,995,104,,一般,
2019/06/11,TXO,201909  ,10200.0000,買權,274,274,274,274,1,-,-,83,655,995,104,,盤後,
2019/06/11,TXO,201909  ,10200.0000,賣權,302,302,289,289,12,289,633,291,312,1180,106,,一般,
2019/06/11,TXO,201909  ,10200.0000,賣權,-,-,-,-,0,-,-,-,-,-,-,,盤後,
2019/06/11,TXO,201909  ,10400.0000,買權,181,202,181,199,9,199,394,176,206,950,83,,一般,
2019/06/11,TXO,201909  ,10400.0000,買權,181,186,181,186,2,-,-,131,194,950,83,,盤後,
2019/06/11,TXO,201909  ,10400.0000,賣權,421,421,389,389,2,405,897,393,401,1270,200,,一般,
2019/06/11,TXO,201909  ,10400.0000,賣權,420,420,420,420,15,-,-,212,-,1270,200,,盤後,
2019/06/11,TXO,201909  ,10600.0000,買權,118,128,112,124,15,124,720,107,137,411,57,,一般,
2019/06/11,TXO,201909  ,10600.0000,買權,-,-,-,-,0,-,-,-,-,-,-,,盤後,
2019/06/11,TXO,201909  ,10600.0000,賣權,575,575,525,525,2,525,2159,525,550,1360,203,,一般,
2019/06/11,TXO,201909  ,10600.0000,賣權,-,-,-,-,0,-,-,-,-,-,-,,盤後,
2019/06/11,TXO,201909  ,10800.0000,買權,74,78,72,72,11,72,621,65,83,292,42,,一般,
2019/06/11,TXO,201909  ,10800.0000,買權,67,67,67,67,3,-,-,67,77,292,42,,盤後,
2019/06/11,TXO,201909  ,10800.0000,賣權,-,-,-,-,0,680,82,-,-,-,-,,一般,
2019/06/11,TXO,201909  ,10800.0000,賣權,-,-,-,-,0,-,-,-,-,-,-,,盤後,
2019/06/11,TXO,201909  ,11000.0000,買權,41,46,41,43.5,38,43.5,1478,36,48,650,23.5,,一般,
2019/06/11,TXO,201909  ,11000.0000,買權,42.5,42.5,42.5,42.5,1,-,-,39,48,650,23.5,,盤後,
2019/06/11,TXO,201909  ,11000.0000,賣權,850,850,850,850,3,850,89,830,865,2100,344,,一般,
2019/06/11,TXO,201909  ,11000.0000,賣權,-,-,-,-,0,-,-,-,-,-,-,,盤後,
2019/06/11,TXO,201909  ,11200.0000,買權,22,26,22,25.5,43,25.5,1375,18.5,30,499,15,,一般,
2019/06/11,TXO,201909  ,11200.0000,買權,24.5,25,15,15,4,-,-,17.5,25,499,15,,盤後,
2019/06/11,TXO,201909  ,11200.0000,賣權,-,-,-,-,0,1030,119,-,-,-,-,,一般,
2019/06/11,TXO,201909  ,11200.0000,賣權,-,-,-,-,0,-,-,-,-,-,-,,盤後,
2019/06/11,TXO,201909  ,11400.0000,買權,-,-,-,-,0,14.5,1482,-,-,-,-,,一般,
2019/06/11,TXO,201909  ,11400.0000,買權,-,-,-,-,0,-,-,-,-,-,-,,盤後,
2019/06/11,TXO,201909  ,11400.0000,賣權,-,-,-,-,0,1220,65,-,-,-,-,,一般,
2019/06/11,TXO,201909  ,11400.0000,賣權,-,-,-,-,0,-,-,-,-,-,-,,盤後,
2019/06/11,TXO,201909  ,11600.0000,買權,9,9,8.7,8.7,55,8.7,4141,2.1,9.8,66,6.7,,一般,
2019/06/11,TXO,201909  ,11600.0000,買權,-,-,-,-,0,-,-,-,-,-,-,,盤後,
2019/06/11,TXO,201909  ,11600.0000,賣權,-,-,-,-,0,1410,13,-,-,-,-,,一般,
2019/06/11,TXO,201909  ,11600.0000,賣權,-,-,-,-,0,-,-,-,-,-,-,,盤後,
2019/06/11,TXO,201909  ,11800.0000,買權,5.5,5.5,5.5,5.5,20,5.5,174,5.1,13.5,36,4.6,,一般,
2019/06/11,TXO,201909  ,11800.0000,買權,-,-,-,-,0,-,-,-,-,-,-,,盤後,
2019/06/11,TXO,201909  ,11800.0000,賣權,-,-,-,-,0,1610,0,-,-,-,-,,一般,
2019/06/11,TXO,201909  ,11800.0000,賣權,-,-,-,-,0,-,-,-,-,-,-,,盤後,
2019/06/11,TXO,201909  ,12000.0000,買權,-,-,-,-,0,4,72,-,-,-,-,,一般,
2019/06/11,TXO,201909  ,12000.0000,買權,-,-,-,-,0,-,-,-,-,-,-,,盤後,
2019/06/11,TXO,201909  ,12000.0000,賣權,-,-,-,-,0,1810,2,-,-,-,-,,一般,
2019/06/11,TXO,201909  ,12000.0000,賣權,-,-,-,-,0,-,-,-,-,-,-,,盤後,
2019/06/11,TXO,201909  ,12200.0000,買權,-,-,-,-,0,2.9,26,-,-,-,-,,一般,
2019/06/11,TXO,201909  ,12200.0000,買權,-,-,-,-,0,-,-,-,-,-,-,,盤後,
2019/06/11,TXO,201909  ,12200.0000,賣權,-,-,-,-,0,2000,0,-,-,-,-,,一般,
2019/06/11,TXO,201909  ,12200.0000,賣權,-,-,-,-,0,-,-,-,-,-,-,,盤後,
2019/06/11,TXO,201909  ,12400.0000,買權,-,-,-,-,0,1.2,32,-,-,-,-,,一般,
2019/06/11,TXO,201909  ,12400.0000,買權,-,-,-,-,0,-,-,-,-,-,-,,盤後,
2019/06/11,TXO,201909  ,12400.0000,賣權,-,-,-,-,0,2200,0,-,-,-,-,,一般,
2019/06/11,TXO,201909  ,12400.0000,賣權,-,-,-,-,0,-,-,-,-,-,-,,盤後,
2019/06/11,TXO,201909  ,12600.0000,買權,-,-,-,-,0,0.6,13,-,-,-,-,,一般,
2019/06/11,TXO,201909  ,12600.0000,買權,-,-,-,-,0,-,-,-,-,-,-,,盤後,
2019/06/11,TXO,201909  ,12600.0000,賣權,-,-,-,-,0,2400,0,-,-,-,-,,一般,
2019/06/11,TXO,201909  ,12600.0000,賣權,-,-,-,-,0,-,-,-,-,-,-,,盤後,
2019/06/11,TXO,201909  ,12800.0000,買權,-,-,-,-,0,0.5,32,-,-,-,-,,一般,
2019/06/11,TXO,201909  ,12800.0000,買權,-,-,-,-,0,-,-,-,-,-,-,,盤後,
2019/06/11,TXO,201909  ,12800.0000,賣權,-,-,-,-,0,2600,0,-,-,-,-,,一般,
2019/06/11,TXO,201909  ,12800.0000,賣權,-,-,-,-,0,-,-,-,-,-,-,,盤後,
2019/06/11,TXO,201909  ,13000.0000,買權,-,-,-,-,0,0.5,81,-,-,-,-,,一般,
2019/06/11,TXO,201909  ,13000.0000,買權,-,-,-,-,0,-,-,-,-,-,-,,盤後,
2019/06/11,TXO,201909  ,13000.0000,賣權,-,-,-,-,0,2800,0,-,-,-,-,,一般,
2019/06/11,TXO,201909  ,13000.0000,賣權,-,-,-,-,0,-,-,-,-,-,-,,盤後,
2019/06/11,TXO,201909  ,13200.0000,買權,-,-,-,-,0,0.1,198,-,-,-,-,,一般,
2019/06/11,TXO,201909  ,13200.0000,買權,-,-,-,-,0,-,-,-,-,-,-,,盤後,
2019/06/11,TXO,201909  ,13200.0000,賣權,-,-,-,-,0,3000,0,-,-,-,-,,一般,
2019/06/11,TXO,201909  ,13200.0000,賣權,-,-,-,-,0,-,-,-,-,-,-,,盤後,
2019/06/11,TXO,201909  ,13400.0000,買權,-,-,-,-,0,0.1,6449,-,-,-,-,,一般,
2019/06/11,TXO,201909  ,13400.0000,買權,-,-,-,-,0,-,-,-,-,-,-,,盤後,
2019/06/11,TXO,201909  ,13400.0000,賣權,-,-,-,-,0,3200,0,-,-,-,-,,一般,
2019/06/11,TXO,201909  ,13400.0000,賣權,-,-,-,-,0,-,-,-,-,-,-,,盤後,
2019/06/11,TXO,201912  ,8200.0000,買權,-,-,-,-,0,1990,0,-,-,-,-,,一般,
2019/06/11,TXO,201912  ,8200.0000,買權,-,-,-,-,0,-,-,-,-,-,-,,盤後,
2019/06/11,TXO,201912  ,8200.0000,賣權,44,44,39,39,68,39,1121,38,45,85,1.3,,一般,
2019/06/11,TXO,201912  ,8200.0000,賣權,-,-,-,-,0,-,-,-,-,-,-,,盤後,
2019/06/11,TXO,201912  ,8400.0000,買權,-,-,-,-,0,1800,45,-,-,-,-,,一般,
2019/06/11,TXO,201912  ,8400.0000,買權,-,-,-,-,0,-,-,-,-,-,-,,盤後,
2019/06/11,TXO,201912  ,8400.0000,賣權,52,52,50,50,13,50,659,50,53,109,18.5,,一般,
2019/06/11,TXO,201912  ,8400.0000,賣權,-,-,-,-,0,-,-,-,-,-,-,,盤後,
2019/06/11,TXO,201912  ,8600.0000,買權,-,-,-,-,0,1610,34,-,-,-,-,,一般,
2019/06/11,TXO,201912  ,8600.0000,買權,-,-,-,-,0,-,-,-,-,-,-,,盤後,
2019/06/11,TXO,201912  ,8600.0000,賣權,64,65,63,65,5,65,619,63,65,131,20,,一般,
2019/06/11,TXO,201912  ,8600.0000,賣權,-,-,-,-,0,-,-,-,-,-,-,,盤後,
2019/06/11,TXO,201912  ,8800.0000,買權,-,-,-,-,0,1430,10,-,-,-,-,,一般,
2019/06/11,TXO,201912  ,8800.0000,買權,-,-,-,-,0,-,-,-,-,-,-,,盤後,
2019/06/11,TXO,201912  ,8800.0000,賣權,83,83,83,83,1,83,965,80,84,158,32.5,,一般,
2019/06/11,TXO,201912  ,8800.0000,賣權,-,-,-,-,0,-,-,-,-,-,-,,盤後,
2019/06/11,TXO,201912  ,9000.0000,買權,-,-,-,-,0,1250,44,-,-,-,-,,一般,
2019/06/11,TXO,201912  ,9000.0000,買權,-,-,-,-,0,-,-,-,-,-,-,,盤後,
2019/06/11,TXO,201912  ,9000.0000,賣權,110,110,101,101,16,101,1179,91,161,183,49.5,,一般,
2019/06/11,TXO,201912  ,9000.0000,賣權,-,-,-,-,0,-,-,-,-,-,-,,盤後,
2019/06/11,TXO,201912  ,9200.0000,買權,-,-,-,-,0,1090,10,-,-,-,-,,一般,
2019/06/11,TXO,201912  ,9200.0000,買權,-,-,-,-,0,-,-,-,-,-,-,,盤後,
2019/06/11,TXO,201912  ,9200.0000,賣權,132,133,127,133,7,133,737,126,146,226,100,,一般,
2019/06/11,TXO,201912  ,9200.0000,賣權,146,146,133,133,2,-,-,100,156,226,100,,盤後,
2019/06/11,TXO,201912  ,9400.0000,買權,-,-,-,-,0,920,30,-,-,-,-,,一般,
2019/06/11,TXO,201912  ,9400.0000,買權,-,-,-,-,0,-,-,-,-,-,-,,盤後,
2019/06/11,TXO,201912  ,9400.0000,賣權,177,177,167,167,7,167,148,153,170,277,111,,一般,
2019/06/11,TXO,201912  ,9400.0000,賣權,178,178,178,178,1,-,-,88,-,277,111,,盤後,
2019/06/11,TXO,201912  ,9600.0000,買權,775,775,775,775,1,760,62,745,785,1180,560,,一般,
2019/06/11,TXO,201912  ,9600.0000,買權,735,735,735,735,1,-,-,426,1760,1180,560,,盤後,
2019/06/11,TXO,201912  ,9600.0000,賣權,213,216,206,206,11,206,248,204,227,344,113,,一般,
2019/06/11,TXO,201912  ,9600.0000,賣權,-,-,-,-,0,-,-,-,-,-,-,,盤後,
2019/06/11,TXO,201912  ,9800.0000,買權,630,630,620,620,4,620,75,605,645,965,445,,一般,
2019/06/11,TXO,201912  ,9800.0000,買權,-,-,-,-,0,-,-,-,-,-,-,,盤後,
2019/06/11,TXO,201912  ,9800.0000,賣權,270,270,264,266,3,266,104,260,290,416,186,,一般,
2019/06/11,TXO,201912  ,9800.0000,賣權,290,290,290,290,1,-,-,200,1340,416,186,,盤後,
2019/06/11,TXO,201912  ,10000.0000,買權,500,500,500,500,1,500,126,495,505,870,331,,一般,
2019/06/11,TXO,201912  ,10000.0000,買權,-,-,-,-,0,-,-,-,-,-,-,,盤後,
2019/06/11,TXO,201912  ,10000.0000,賣權,356,357,335,340,19,340,125,335,347,520,217,,一般,
2019/06/11,TXO,201912  ,10000.0000,賣權,-,-,-,-,0,-,-,-,-,-,-,,盤後,
2019/06/11,TXO,201912  ,10200.0000,買權,378,400,378,390,8,385,76,381,389,690,262,,一般,
2019/06/11,TXO,201912  ,10200.0000,買權,-,-,-,-,0,-,-,-,-,-,-,,盤後,
2019/06/11,TXO,201912  ,10200.0000,賣權,458,458,419,419,6,428,76,416,448,640,262,,一般,
2019/06/11,TXO,201912  ,10200.0000,賣權,-,-,-,-,0,-,-,-,-,-,-,,盤後,
2019/06/11,TXO,201912  ,10400.0000,買權,290,295,290,295,6,295,93,279,308,565,186,,一般,
2019/06/11,TXO,201912  ,10400.0000,買權,-,-,-,-,0,-,-,-,-,-,-,,盤後,
2019/06/11,TXO,201912  ,10400.0000,賣權,525,525,525,525,4,535,45,515,555,770,337,,一般,
2019/06/11,TXO,201912  ,10400.0000,賣權,-,-,-,-,0,-,-,-,-,-,-,,盤後,
2019/06/11,TXO,201912  ,10600.0000,買權,200,221,198,213,17,213,198,202,225,470,136,,一般,
2019/06/11,TXO,201912  ,10600.0000,買權,206,206,206,206,1,-,-,99,219,470,136,,盤後,
2019/06/11,TXO,201912  ,10600.0000,賣權,-,-,-,-,0,655,164,-,-,-,-,,一般,
2019/06/11,TXO,201912  ,10600.0000,賣權,-,-,-,-,0,-,-,-,-,-,-,,盤後,
2019/06/11,TXO,201912  ,10800.0000,買權,149,156,147,151,16,151,220,142,158,366,95,,一般,
2019/06/11,TXO,201912  ,10800.0000,買權,-,-,-,-,0,-,-,-,-,-,-,,盤後,
2019/06/11,TXO,201912  ,10800.0000,賣權,-,-,-,-,0,795,33,-,-,-,-,,一般,
2019/06/11,TXO,201912  ,10800.0000,賣權,-,-,-,-,0,-,-,-,-,-,-,,盤後,
2019/06/11,TXO,201912  ,11000.0000,買權,103,113,101,103,36,103,260,95,115,290,64,,一般,
2019/06/11,TXO,201912  ,11000.0000,買權,-,-,-,-,0,-,-,-,-,-,-,,盤後,
2019/06/11,TXO,201912  ,11000.0000,賣權,955,955,955,955,1,940,81,930,970,1140,670,,一般,
2019/06/11,TXO,201912  ,11000.0000,賣權,-,-,-,-,0,-,-,-,-,-,-,,盤後,
2019/06/11,TXO,201912  ,11200.0000,買權,64,78,64,74,49,74,1301,62,82,241,40,,一般,
2019/06/11,TXO,201912  ,11200.0000,買權,68,72,66,72,8,-,-,67,99,241,40,,盤後,
2019/06/11,TXO,201912  ,11200.0000,賣權,1100,1100,1100,1100,1,1110,39,1100,1140,1300,775,,一般,
2019/06/11,TXO,201912  ,11200.0000,賣權,-,-,-,-,0,-,-,-,-,-,-,,盤後,
2019/06/11,TXO,201912  ,11400.0000,買權,47,50,47,48,15,48,299,17,50,165,35,,一般,
2019/06/11,TXO,201912  ,11400.0000,買權,-,-,-,-,0,-,-,-,-,-,-,,盤後,
2019/06/11,TXO,201912  ,11400.0000,賣權,-,-,-,-,0,1290,42,-,-,-,-,,一般,
2019/06/11,TXO,201912  ,11400.0000,賣權,-,-,-,-,0,-,-,-,-,-,-,,盤後,
2019/06/11,TXO,201912  ,11600.0000,買權,32.5,33,32,32,10,32,568,14,35.5,113,23.5,,一般,
2019/06/11,TXO,201912  ,11600.0000,買權,-,-,-,-,0,-,-,-,-,-,-,,盤後,
2019/06/11,TXO,201912  ,11600.0000,賣權,-,-,-,-,0,1470,1,-,-,-,-,,一般,
2019/06/11,TXO,201912  ,11600.0000,賣權,-,-,-,-,0,-,-,-,-,-,-,,盤後,
2019/06/11,TXO,201912  ,11800.0000,買權,22.5,22.5,22.5,22.5,1,22.5,193,9.1,24,82,3,,一般,
2019/06/11,TXO,201912  ,11800.0000,買權,-,-,-,-,0,-,-,-,-,-,-,,盤後,
2019/06/11,TXO,201912  ,11800.0000,賣權,-,-,-,-,0,1660,0,-,-,-,-,,一般,
2019/06/11,TXO,201912  ,11800.0000,賣權,-,-,-,-,0,-,-,-,-,-,-,,盤後,
2019/06/11,TXO,201912  ,12000.0000,買權,-,-,-,-,0,17,198,-,-,-,-,,一般,
2019/06/11,TXO,201912  ,12000.0000,買權,-,-,-,-,0,-,-,-,-,-,-,,盤後,
2019/06/11,TXO,201912  ,12000.0000,賣權,-,-,-,-,0,1850,1,-,-,-,-,,一般,
2019/06/11,TXO,201912  ,12000.0000,賣權,-,-,-,-,0,-,-,-,-,-,-,,盤後,
2019/06/11,TXO,201912  ,12200.0000,買權,-,-,-,-,0,11.5,74,-,-,-,-,,一般,
2019/06/11,TXO,201912  ,12200.0000,買權,-,-,-,-,0,-,-,-,-,-,-,,盤後,
2019/06/11,TXO,201912  ,12200.0000,賣權,-,-,-,-,0,2050,0,-,-,-,-,,一般,
2019/06/11,TXO,201912  ,12200.0000,賣權,-,-,-,-,0,-,-,-,-,-,-,,盤後,
2019/06/11,TXO,201912  ,12400.0000,買權,8.5,8.5,8.5,8.5,1,8.5,18,3,58,25.5,7.7,,一般,
2019/06/11,TXO,201912  ,12400.0000,買權,-,-,-,-,0,-,-,-,-,-,-,,盤後,
2019/06/11,TXO,201912  ,12400.0000,賣權,-,-,-,-,0,2240,0,-,-,-,-,,一般,
2019/06/11,TXO,201912  ,12400.0000,賣權,-,-,-,-,0,-,-,-,-,-,-,,盤後,
2019/06/11,TXO,201912  ,12600.0000,買權,-,-,-,-,0,6.6,34,-,-,-,-,,一般,
2019/06/11,TXO,201912  ,12600.0000,買權,-,-,-,-,0,-,-,-,-,-,-,,盤後,
2019/06/11,TXO,201912  ,12600.0000,賣權,-,-,-,-,0,2440,0,-,-,-,-,,一般,
2019/06/11,TXO,201912  ,12600.0000,賣權,-,-,-,-,0,-,-,-,-,-,-,,盤後,
2019/06/11,TXO,201912  ,12800.0000,買權,-,-,-,-,0,4.2,36,-,-,-,-,,一般,
2019/06/11,TXO,201912  ,12800.0000,買權,-,-,-,-,0,-,-,-,-,-,-,,盤後,
2019/06/11,TXO,201912  ,12800.0000,賣權,-,-,-,-,0,2640,0,-,-,-,-,,一般,
2019/06/11,TXO,201912  ,12800.0000,賣權,-,-,-,-,0,-,-,-,-,-,-,,盤後,
2019/06/11,TXO,201912  ,13000.0000,買權,-,-,-,-,0,2.7,332,-,-,-,-,,一般,
2019/06/11,TXO,201912  ,13000.0000,買權,-,-,-,-,0,-,-,-,-,-,-,,盤後,
2019/06/11,TXO,201912  ,13000.0000,賣權,-,-,-,-,0,2830,0,-,-,-,-,,一般,
2019/06/11,TXO,201912  ,13000.0000,賣權,-,-,-,-,0,-,-,-,-,-,-,,盤後,
2019/06/11,TXO,201912  ,13200.0000,買權,-,-,-,-,0,1.7,288,-,-,-,-,,一般,
2019/06/11,TXO,201912  ,13200.0000,買權,-,-,-,-,0,-,-,-,-,-,-,,盤後,
2019/06/11,TXO,201912  ,13200.0000,賣權,-,-,-,-,0,3030,0,-,-,-,-,,一般,
2019/06/11,TXO,201912  ,13200.0000,賣權,-,-,-,-,0,-,-,-,-,-,-,,盤後,
2019/06/11,TXO,201912  ,13400.0000,買權,-,-,-,-,0,1,3494,-,-,-,-,,一般,
2019/06/11,TXO,201912  ,13400.0000,買權,-,-,-,-,0,-,-,-,-,-,-,,盤後,
2019/06/11,TXO,201912  ,13400.0000,賣權,-,-,-,-,0,3230,0,-,-,-,-,,一般,
2019/06/11,TXO,201912  ,13400.0000,賣權,-,-,-,-,0,-,-,-,-,-,-,,盤後,
