<?xml version="1.0" encoding="UTF-8"?>

<!-- This file contains job definitions in schema version 2.0 format -->

<job-scheduling-data xmlns="http://quartznet.sourceforge.net/JobSchedulingData" xmlns:xsi="http://www.w3.org/2001/XMLSchema-instance" version="2.0">

  <processing-directives>
    <overwrite-existing-data>true</overwrite-existing-data>
  </processing-directives>

  <schedule>

    <job>
        <name>sampleJob</name>
        <group>sampleGroup</group>
        <description>Sample job for Quartz Server</description>
        <job-type>Quartz.CustomJob.TestJob1, Quartz.CustomJob</job-type>
        <durable>true</durable>
        <recover>false</recover>
    </job>

    <trigger>
      <simple>
        <name>sampleSimpleTrigger</name>
        <group>sampleSimpleGroup</group>
        <description>Simple trigger to simply fire sample job</description>
        <job-name>sampleJob</job-name>
        <job-group>sampleGroup</job-group>
        <misfire-instruction>SmartPolicy</misfire-instruction>
        <repeat-count>0</repeat-count>
        <repeat-interval>10000</repeat-interval>
      </simple>
    </trigger>
    
    <!--<trigger>
      <cron>
        <name>sampleCronTrigger</name>
        <group>sampleCronGroup</group>
        <job-name>sampleJob</job-name>
        <job-group>sampleGroup</job-group>
        <cron-expression>0 30 15 ? * *</cron-expression>
      </cron>
    </trigger>-->
  </schedule>
</job-scheduling-data>